Workbook
Name a: Method2!$N$1
Name Delta: Method2!$K$1
Name Lambda: Method2!$L$1
Name t: Method2!$M$1

Sheet Method1
A1: Angle | B1: ChopperFrequency | C1: ActualFrequency | D1: DiscRadiusCM | E1: DiscRadiusMM | F1: FWHMUS | G1: FWHMS | H1: BeamWidth | I1: BeamWidthU | J1: AxialPositionCM | K1: AxialPositionMM | L1: X2 | M1: XY | N1: y-mx-b | O1: Delta | P1: CU | Q1: Slope | R1: SlopeU | S1: Yint | T1: DivergenceHalfAngle | U1: DivergenceHalfAngleU
A2: -40 | B2: 609 | C2: =B2/5 -> 121.8 | D2: 2.6 | E2: =D2*10 -> 26 | F2: 302.5 | G2: =F2/1000000 -> 0.0003025 | H2: =(2*PI()*C2*E2*G2)/(SQRT(2*LN(2))) -> 5.112086 | I2: =(H2*2*PI()*SQRT((((B2*0.02+1)/30)/B2)^2+(0.5/E2)^2+(0.000002/G2)^2))/SQRT(2*LN(2)) -> 0.55511085 | J2: 43.8 | K2: =J2*10 -> 438 | L2: =K2^2 -> 191844 | M2: =K2*H2 -> 2239.0937 | N2: =H2-Q2*K2-S2 -> -0.019105865 | O2: =3*SUM(L2:L4)-(SUM(K2:K4))^2 -> 138624 | P2: =SQRT((SUM(N2:N4))^2) -> 8.8817842e-16 | Q2: =(3*SUM(M2:M4)-SUM(H2:H4)*SUM(K2:K4))/O2 -> -0.0046207607 | R2: =P2*SQRT(3/O2) -> 4.1318223e-18 | S2: =(SUM(L2:L4)*SUM(H2:H4)-SUM(K2:K4)*SUM(M2:M4))/O2 -> 7.1550851 | T2: =1000*ATAN(Q2) -> -4.6207278 | U2: =1000*ATAN(R2) -> 4.1318223e-15
A3: -40 | B3: 644 | C3: =B3/5 -> 128.8 | D3: 2.8 | E3: =D3*10 -> 28 | F3: 305.1 | G3: =F3/1000000 -> 0.0003051 | H3: =(2*PI()*C3*E3*G3)/(SQRT(2*LN(2))) -> 5.8717593 | I3: =(H3*2*PI()*SQRT((((B3*0.02+1)/30)/B3)^2+(0.5/E3)^2+(0.000002/G3)^2))/SQRT(2*LN(2)) -> 0.59647648 | J3: 28.6 | K3: =J3*10 -> 286 | L3: =K3^2 -> 81796 | M3: =K3*H3 -> 1679.3232 | N3: =H3-Q2*K3-S2 -> 0.03821173
A4: -40 | B4: 642 | C4: =B4/5 -> 128.4 | D4: 2.95 | E4: =D4*10 -> 29.5 | F4: 322.4 | G4: =F4/1000000 -> 0.0003224 | H4: =(2*PI()*C4*E4*G4)/(SQRT(2*LN(2))) -> 6.5167973 | I4: =(H4*2*PI()*SQRT((((B4*0.02+1)/30)/B4)^2+(0.5/E4)^2+(0.000002/G4)^2))/SQRT(2*LN(2)) -> 0.62816983 | J4: 13.4 | K4: =J4*10 -> 134 | L4: =K4^2 -> 17956 | M4: =K4*H4 -> 873.25084 | N4: =H4-Q2*K4-S2 -> -0.019105865
A5: -20 | B5: 641 | C5: =B5/5 -> 128.2 | D5: 2.7 | E5: =D5*10 -> 27 | F5: 325.9 | G5: =F5/1000000 -> 0.0003259 | H5: =(2*PI()*C5*E5*G5)/(SQRT(2*LN(2))) -> 6.0198863 | I5: =(H5*2*PI()*SQRT((((B5*0.02+1)/30)/B5)^2+(0.5/E5)^2+(0.000002/G5)^2))/SQRT(2*LN(2)) -> 0.62714403 | J5: 43.8 | K5: =J5*10 -> 438 | L5: =K5^2 -> 191844 | M5: =K5*H5 -> 2636.7102 | N5: =H5-Q5*K5-S5 -> 0.062768028 | O5: =3*SUM(L5:L7)-(SUM(K5:K7))^2 -> 138624 | P5: =SQRT((SUM(N5:N7))^2) -> 8.8817842e-16 | Q5: =(3*SUM(M5:M7)-SUM(H5:H7)*SUM(K5:K7))/O5 -> -0.0031116088 | R5: =P5*SQRT(3/O5) -> 4.1318223e-18 | S5: =(SUM(L5:L7)*SUM(H5:H7)-SUM(K5:K7)*SUM(M5:M7))/O5 -> 7.3200029 | T5: =1000*ATAN(Q5) -> -3.1115987 | U5: =1000*ATAN(R5) -> 4.1318223e-15
A6: -20 | B6: 629 | C6: =B6/5 -> 125.8 | D6: 2.8 | E6: =D6*10 -> 28 | F6: 335.4 | G6: =F6/1000000 -> 0.0003354 | H6: =(2*PI()*C6*E6*G6)/(SQRT(2*LN(2))) -> 6.3045468 | I6: =(H6*2*PI()*SQRT((((B6*0.02+1)/30)/B6)^2+(0.5/E6)^2+(0.000002/G6)^2))/SQRT(2*LN(2)) -> 0.63385737 | J6: 28.6 | K6: =J6*10 -> 286 | L6: =K6^2 -> 81796 | M6: =K6*H6 -> 1803.1004 | N6: =H6-Q5*K6-S5 -> -0.12553606
A7: -20 | B7: 630 | C7: =B7/5 -> 126 | D7: 2.85 | E7: =D7*10 -> 28.5 | F7: 363.5 | G7: =F7/1000000 -> 0.0003635 | H7: =(2*PI()*C7*E7*G7)/(SQRT(2*LN(2))) -> 6.9658154 | I7: =(H7*2*PI()*SQRT((((B7*0.02+1)/30)/B7)^2+(0.5/E7)^2+(0.000002/G7)^2))/SQRT(2*LN(2)) -> 0.68399535 | J7: 13.4 | K7: =J7*10 -> 134 | L7: =K7^2 -> 17956 | M7: =K7*H7 -> 933.41926 | N7: =H7-Q5*K7-S5 -> 0.062768028
A8: 0 | B8: 644 | C8: =B8/5 -> 128.8 | D8: 2.65 | E8: =D8*10 -> 26.5 | F8: 417.8 | G8: =F8/1000000 -> 0.0004178 | H8: =(2*PI()*C8*E8*G8)/(SQRT(2*LN(2))) -> 7.6099589 | I8: =(H8*2*PI()*SQRT((((B8*0.02+1)/30)/B8)^2+(0.5/E8)^2+(0.000002/G8)^2))/SQRT(2*LN(2)) -> 0.79104323 | J8: 43.8 | K8: =J8*10 -> 438 | L8: =K8^2 -> 191844 | M8: =K8*H8 -> 3333.162 | N8: =H8-Q8*K8-S8 -> -0.021211796 | O8: =3*SUM(L8:L10)-(SUM(K8:K10))^2 -> 138624 | P8: =SQRT((SUM(N8:N10))^2) -> 2.6645353e-15 | Q8: =(3*SUM(M8:M10)-SUM(H8:H10)*SUM(K8:K10))/O8 -> -0.00078254929 | R8: =P8*SQRT(3/O8) -> 1.2395467e-17 | S8: =(SUM(L8:L10)*SUM(H8:H10)-SUM(K8:K10)*SUM(M8:M10))/O8 -> 7.9739273 | T8: =1000*ATAN(Q8) -> -0.78254913 | U8: =1000*ATAN(R8) -> 1.2395467e-14
A9: 0 | B9: 641 | C9: =B9/5 -> 128.2 | D9: 2.8 | E9: =D9*10 -> 28 | F9: 406.8 | G9: =F9/1000000 -> 0.0004068 | H9: =(2*PI()*C9*E9*G9)/(SQRT(2*LN(2))) -> 7.7925418 | I9: =(H9*2*PI()*SQRT((((B9*0.02+1)/30)/B9)^2+(0.5/E9)^2+(0.000002/G9)^2))/SQRT(2*LN(2)) -> 0.77078967 | J9: 28.6 | K9: =J9*10 -> 286 | L9: =K9^2 -> 81796 | M9: =K9*H9 -> 2228.667 | N9: =H9-Q8*K9-S8 -> 0.042423592
A10: 0 | B10: 641 | C10: =B10/5 -> 128.2 | D10: 2.85 | E10: =D10*10 -> 28.5 | F10: 402.5 | G10: =F10/1000000 -> 0.0004025 | H10: =(2*PI()*C10*E10*G10)/(SQRT(2*LN(2))) -> 7.8478539 | I10: =(H10*2*PI()*SQRT((((B10*0.02+1)/30)/B10)^2+(0.5/E10)^2+(0.000002/G10)^2))/SQRT(2*LN(2)) -> 0.76422491 | J10: 13.4 | K10: =J10*10 -> 134 | L10: =K10^2 -> 17956 | M10: =K10*H10 -> 1051.6124 | N10: =H10-Q8*K10-S8 -> -0.021211796
A11: 20 | B11: 681 | C11: =B11/5 -> 136.2 | D11: 2.75 | E11: =D11*10 -> 27.5 | F11: 481.2 | G11: =F11/1000000 -> 0.0004812 | H11: =(2*PI()*C11*E11*G11)/(SQRT(2*LN(2))) -> 9.6180617 | I11: =(H11*2*PI()*SQRT((((B11*0.02+1)/30)/B11)^2+(0.5/E11)^2+(0.000002/G11)^2))/SQRT(2*LN(2)) -> 0.95798148 | J11: 43.8 | K11: =J11*10 -> 438 | L11: =K11^2 -> 191844 | M11: =K11*H11 -> 4212.711 | N11: =H11-Q11*K11-S11 -> 0.024581201 | O11: =3*SUM(L11:L13)-(SUM(K11:K13))^2 -> 138624 | P11: =SQRT((SUM(N11:N13))^2) -> 7.9936058e-15 | Q11: =(3*SUM(M11:M13)-SUM(H11:H13)*SUM(K11:K13))/O11 -> 0.0042058197 | R11: =P11*SQRT(3/O11) -> 3.71864e-17 | S11: =(SUM(L11:L13)*SUM(H11:H13)-SUM(K11:K13)*SUM(M11:M13))/O11 -> 7.7513315 | T11: =1000*ATAN(Q11) -> 4.2057949 | U11: =1000*ATAN(R11) -> 3.71864e-14
A12: 20 | B12: 659 | C12: =B12/5 -> 131.8 | D12: 2.75 | E12: =D12*10 -> 27.5 | F12: 460.4 | G12: =F12/1000000 -> 0.0004604 | H12: =(2*PI()*C12*E12*G12)/(SQRT(2*LN(2))) -> 8.9050335 | I12: =(H12*2*PI()*SQRT((((B12*0.02+1)/30)/B12)^2+(0.5/E12)^2+(0.000002/G12)^2))/SQRT(2*LN(2)) -> 0.88899478 | J12: 28.6 | K12: =J12*10 -> 286 | L12: =K12^2 -> 81796 | M12: =K12*H12 -> 2546.8396 | N12: =H12-Q11*K12-S11 -> -0.049162402
A13: 20 | B13: 616 | C13: =B13/5 -> 123.2 | D13: 2.7 | E13: =D13*10 -> 27 | F13: 469.8 | G13: =F13/1000000 -> 0.0004698 | H13: =(2*PI()*C13*E13*G13)/(SQRT(2*LN(2))) -> 8.3394925 | I13: =(H13*2*PI()*SQRT((((B13*0.02+1)/30)/B13)^2+(0.5/E13)^2+(0.000002/G13)^2))/SQRT(2*LN(2)) -> 0.84623872 | J13: 13.4 | K13: =J13*10 -> 134 | L13: =K13^2 -> 17956 | M13: =K13*H13 -> 1117.492 | N13: =H13-Q11*K13-S11 -> 0.024581201
A14: 40 | B14: 616 | C14: =B14/5 -> 123.2 | D14: 3.1 | E14: =D14*10 -> 31 | F14: 716 | G14: =F14/1000000 -> 0.000716 | H14: =(2*PI()*C14*E14*G14)/(SQRT(2*LN(2))) -> 14.592764 | I14: =(H14*2*PI()*SQRT((((B14*0.02+1)/30)/B14)^2+(0.5/E14)^2+(0.000002/G14)^2))/SQRT(2*LN(2)) -> 1.2759561 | J14: 43.8 | K14: =J14*10 -> 438 | L14: =K14^2 -> 191844 | M14: =K14*H14 -> 6391.6307 | N14: =H14-Q14*K14-S14 -> -0.058111943 | O14: =3*SUM(L14:L16)-(SUM(K14:K16))^2 -> 138624 | P14: =SQRT((SUM(N14:N16))^2) -> 2.8421709e-14 | Q14: =(3*SUM(M14:M16)-SUM(H14:H16)*SUM(K14:K16))/O14 -> 0.015700199 | R14: =P14*SQRT(3/O14) -> 1.3221831e-16 | S14: =(SUM(L14:L16)*SUM(H14:H16)-SUM(K14:K16)*SUM(M14:M16))/O14 -> 7.7741889 | T14: =1000*ATAN(Q14) -> 15.698909 | U14: =1000*ATAN(R14) -> 1.3221831e-13
A15: 40 | B15: 618 | C15: =B15/5 -> 123.6 | D15: 2.7 | E15: =D15*10 -> 27 | F15: 695.2 | G15: =F15/1000000 -> 0.0006952 | H15: =(2*PI()*C15*E15*G15)/(SQRT(2*LN(2))) -> 12.38067 | I15: =(H15*2*PI()*SQRT((((B15*0.02+1)/30)/B15)^2+(0.5/E15)^2+(0.000002/G15)^2))/SQRT(2*LN(2)) -> 1.2390867 | J15: 28.6 | K15: =J15*10 -> 286 | L15: =K15^2 -> 81796 | M15: =K15*H15 -> 3540.8715 | N15: =H15-Q14*K15-S14 -> 0.11622389
A16: 40 | B16: 638 | C16: =B16/5 -> 127.6 | D16: 2.65 | E16: =D16*10 -> 26.5 | F16: 544.2 | G16: =F16/1000000 -> 0.0005442 | H16: =(2*PI()*C16*E16*G16)/(SQRT(2*LN(2))) -> 9.8199036 | I16: =(H16*2*PI()*SQRT((((B16*0.02+1)/30)/B16)^2+(0.5/E16)^2+(0.000002/G16)^2))/SQRT(2*LN(2)) -> 1.0080291 | J16: 13.4 | K16: =J16*10 -> 134 | L16: =K16^2 -> 17956 | M16: =K16*H16 -> 1315.8671 | N16: =H16-Q14*K16-S14 -> -0.058111943
J19: Far | K19: 43.8
J20: Middle | K20: 28.6
J21: Close | K21: 13.4

Sheet Method2
A1: Angle | B1: Phi1D | C1: Phi2D | D1: Phi1R | E1: Phi2R | F1: DL | G1: DivergenceHalfAngle | I1: (Phi1-Phi2)/L | J1: Slope | K1: 0.0005672 | L1: 0.0006328 | M1: 0.75 | N1: =PI()/4 -> 0.78539816
A2: -40 | B2: -27 | C2: -33 | D2: =RADIANS(B2) -> -0.4712389 | E2: =RADIANS(C2) -> -0.57595865 | F2: =9*25.4 -> 228.6 | G2: =1000*((2*Delta*Lambda^2*(TAN(D2)-TAN(E2)))/(t*PI()^2*F2*SIN(2*a)))^(1/4) -> 0.44020609 | I2: =(B2-C2)/F2 -> 0.026246719 | J2: =TAN(G2) -> 0.47103232 | M2: ±0.25
A3: -20 | B3: -13 | C3: -17 | D3: =RADIANS(B3) -> -0.2268928 | E3: =RADIANS(C3) -> -0.29670597 | F3: =9*25.4 -> 228.6 | G3: =1000*((2*Delta*Lambda^2*(TAN(D3)-TAN(E3)))/(t*PI()^2*F3*SIN(2*a)))^(1/4) -> 0.37651436 | I3: =(B3-C3)/F3 -> 0.017497813 | J3: =TAN(G3) -> 0.39537662
A4: 0 | B4: 7 | C4: 3 | D4: =RADIANS(B4) -> 0.12217305 | E4: =RADIANS(C4) -> 0.052359878 | F4: =9*25.4 -> 228.6 | G4: =1000*((2*Delta*Lambda^2*(TAN(D4)-TAN(E4)))/(t*PI()^2*F4*SIN(2*a)))^(1/4) -> 0.37074289 | I4: =(B4-C4)/F4 -> 0.017497813 | J4: =TAN(G4) -> 0.38871806
A5: 20 | B5: 27 | C5: 21 | D5: =RADIANS(B5) -> 0.4712389 | E5: =RADIANS(C5) -> 0.36651914 | F5: =9*25.4 -> 228.6 | G5: =1000*((2*Delta*Lambda^2*(TAN(D5)-TAN(E5)))/(t*PI()^2*F5*SIN(2*a)))^(1/4) -> 0.42856428 | I5: =(B5-C5)/F5 -> 0.026246719 | J5: =TAN(G5) -> 0.45688446
A6: 40 | B6: 53 | C6: 41 | D6: =RADIANS(B6) -> 0.9250245 | E6: =RADIANS(C6) -> 0.71558499 | F6: =9*25.4 -> 228.6 | G6: =1000*((2*Delta*Lambda^2*(TAN(D6)-TAN(E6)))/(t*PI()^2*F6*SIN(2*a)))^(1/4) -> 0.59207195 | I6: =(B6-C6)/F6 -> 0.052493438 | J6: =TAN(G6) -> 0.67256063
B7: Close | C7: Far

Sheet Data3
A1: Angle | B1: DivergenceHalfAngle1 | C1: DivergenceHalfAngleU | D1: SlopeM1 | E1: YInt | F1: SlopeM2 | G1: XM2 | H1: DivergenceHalfAngle2 | I1: AxialPositionMM | J1: BeamWidth_40 | K1: BeamWidth_40U | L1: BeamWidth_20 | M1: BeamWidth_20U | N1: BeamWidth0 | O1: BeamWidth0U | P1: BeamWidth20 | Q1: BeamWidth20U | R1: BeamWidth40 | S1: BeamWidth40U
A2: -40 | B2: =Method1!$T$2 -> -4.6207278 | C2: =Method1!$U$2 -> 4.1318223e-15 | D2: =Method1!$Q$2 -> -0.0046207607 | E2: =Method1!$S$2 -> 7.1550851 | F2: =Method2!J2 -> 0.47103232 | G2: =Method2!I2 -> 0.026246719 | H2: =Method2!G2 -> 0.44020609 | I2: =Method1!$K$2 -> 438 | J2: =Method1!$H$2 -> 5.112086 | K2: =Method1!$I$2 -> 0.55511085 | L2: =Method1!$H$5 -> 6.0198863 | M2: =Method1!$I$5 -> 0.62714403 | N2: =Method1!$H$8 -> 7.6099589 | O2: =Method1!$I$8 -> 0.79104323 | P2: =Method1!$H$11 -> 9.6180617 | Q2: =Method1!$I$11 -> 0.95798148 | R2: =Method1!$H$14 -> 14.592764 | S2: =Method1!$I$14 -> 1.2759561
A3: -20 | B3: =Method1!$T$5 -> -3.1115987 | C3: =Method1!$U$5 -> 4.1318223e-15 | D3: =Method1!$Q$5 -> -0.0031116088 | E3: =Method1!$S$5 -> 7.3200029 | F3: =Method2!$J$2 -> 0.47103232 | G3: =Method2!I3 -> 0.017497813 | H3: =Method2!G3 -> 0.37651436 | I3: =Method1!$K$3 -> 286 | J3: =Method1!$H$3 -> 5.8717593 | K3: =Method1!$I$3 -> 0.59647648 | L3: =Method1!$H$6 -> 6.3045468 | M3: =Method1!$I$6 -> 0.63385737 | N3: =Method1!$H$9 -> 7.7925418 | O3: =Method1!$I$9 -> 0.77078967 | P3: =Method1!$H$12 -> 8.9050335 | Q3: =Method1!$I$12 -> 0.88899478 | R3: =Method1!$H$15 -> 12.38067 | S3: =Method1!$I$15 -> 1.2390867
A4: 0 | B4: =Method1!$T$8 -> -0.78254913 | C4: =Method1!$U$8 -> 1.2395467e-14 | D4: =Method1!$Q$8 -> -0.00078254929 | E4: =Method1!$S$8 -> 7.9739273 | F4: =Method2!$J$2 -> 0.47103232 | G4: =Method2!I4 -> 0.017497813 | H4: =Method2!G4 -> 0.37074289 | I4: =Method1!$K$4 -> 134 | J4: =Method1!$H$4 -> 6.5167973 | K4: =Method1!$I$4 -> 0.62816983 | L4: =Method1!$H$7 -> 6.9658154 | M4: =Method1!$I$7 -> 0.68399535 | N4: =Method1!$H$10 -> 7.8478539 | O4: =Method1!$I$10 -> 0.76422491 | P4: =Method1!$H$13 -> 8.3394925 | Q4: =Method1!$I$13 -> 0.84623872 | R4: =Method1!$H$16 -> 9.8199036 | S4: =Method1!$I$16 -> 1.0080291
A5: 20 | B5: =Method1!$T$11 -> 4.2057949 | C5: =Method1!$U$11 -> 3.71864e-14 | D5: =Method1!$Q$11 -> 0.0042058197 | E5: =Method1!$S$11 -> 7.7513315 | F5: =Method2!$J$2 -> 0.47103232 | G5: =Method2!I5 -> 0.026246719 | H5: =Method2!G5 -> 0.42856428
A6: 40 | B6: =Method1!$T$14 -> 15.698909 | C6: =Method1!$U$14 -> 1.3221831e-13 | D6: =Method1!$Q$14 -> 0.015700199 | E6: =Method1!$S$14 -> 7.7741889 | F6: =Method2!$J$2 -> 0.47103232 | G6: =Method2!I6 -> 0.052493438 | H6: =Method2!G6 -> 0.59207195
H15: `
