Workbook
Name a: Method2!$O$2
Name Delta: Method2!$L$2
Name Lambda: Method2!$N$2
Name t: Method2!$N$2

Sheet Method1
A1: Angle | B1: OscilloscopeFrequency | C1: PartDiscRadiusMM | D1: DiscRadiusMM | E1: FWHMUS | F1: FWHMS | G1: BeamRadius | H1: BeamWidthU | I1: AxialPositionCM | J1: AxialPositionMM | K1: X^2 | L1: XY | M1: y-mx-b | N1: Delta | O1: CU | P1: Slope | Q1: SlopeU | R1: Yint | S1: YintU | T1: DivergenceHalfAngle | U1: DivergenceHalfAngleU
A2: -40 | B2: 66.1 | C2: 12.5 | D2: =IF(C2=0,0,(C2+18)) -> 30.5 | E2: 205.5 | F2: =E2/1000000 -> 0.0002055 | G2: =(2*PI()*B2*D2*F2)/(SQRT(2*LN(2))) -> 2.2108805 | H2: =IF(G2=0,0,(G2*2*PI()*SQRT(((B2*0.02+0.05)/B2)^2+(0.5/D2)^2+(0.000001/F2)^2))/SQRT(2*LN(2))) -> 0.31729472 | I2: 18.5 | J2: =I2*10 -> 185 | K2: =J2^2 -> 34225 | L2: =J2*G2 -> 409.01289 | M2: =G2-P2*J2-R2 -> -0.0029487151 | N2: =3*SUM(K2:K4)-(SUM(J2:J4))^2 -> 556322 | O2: =SUM(M2:M4) -> 4.4408921e-16 | P2: =(3*SUM(L2:L4)-SUM(G2:G4)*SUM(J2:J4))/N2 -> -0.0024976202 | Q2: =O2*SQRT(3/N2) -> 1.031259e-18 | R2: =(SUM(K2:K4)*SUM(G2:G4)-SUM(J2:J4)*SUM(L2:L4))/N2 -> 2.6758889 | S2: =O2*SQRT(SUM(K2:K4)/N2) -> 5.6602935e-16 | T2: =1000*ATAN(P2) -> -2.497615 | U2: =1000*ATAN(Q2) -> 1.031259e-15
A3: -40 | B3: 65.4 | C3: 12.5 | D3: =IF(C3=0,0,(C3+18)) -> 30.5 | E3: 137.2 | F3: =E3/1000000 -> 0.0001372 | G3: =(2*PI()*B3*D3*F3)/(SQRT(2*LN(2))) -> 1.4604404 | H3: =IF(G3=0,0,(G3*2*PI()*SQRT(((B3*0.02+0.05)/B3)^2+(0.5/D3)^2+(0.000001/F3)^2))/SQRT(2*LN(2))) -> 0.21386684 | I3: 48.9 | J3: =I3*10 -> 489 | K3: =J3^2 -> 239121 | L3: =J3*G3 -> 714.15536 | M3: =G3-P2*J3-R2 -> 0.0058877623
A4: -40 | B4: 65.9 | C4: 14 | D4: =IF(C4=0,0,(C4+18)) -> 32 | E4: 61.3 | F4: =E4/1000000 -> 6.13e-05 | G4: =(2*PI()*B4*D4*F4)/(SQRT(2*LN(2))) -> 0.68983942 | H4: =IF(G4=0,0,(G4*2*PI()*SQRT(((B4*0.02+0.05)/B4)^2+(0.5/D4)^2+(0.000001/F4)^2))/SQRT(2*LN(2))) -> 0.11293744 | I4: 79.4 | J4: =I4*10 -> 794 | K4: =J4^2 -> 630436 | L4: =J4*G4 -> 547.7325 | M4: =G4-P2*J4-R2 -> -0.0029390472
A5: -30 | B5: 66.2 | C5: 14 | D5: =IF(C5=0,0,(C5+18)) -> 32 | E5: 212.4 | F5: =E5/1000000 -> 0.0002124 | G5: =(2*PI()*B5*D5*F5)/(SQRT(2*LN(2))) -> 2.4011242 | H5: =IF(G5=0,0,(G5*2*PI()*SQRT(((B5*0.02+0.05)/B5)^2+(0.5/D5)^2+(0.000001/F5)^2))/SQRT(2*LN(2))) -> 0.33830685 | I5: 18.5 | J5: =I5*10 -> 185 | K5: =J5^2 -> 34225 | L5: =J5*G5 -> 444.20797 | M5: =G5-P5*J5-R5 -> 0.010007148 | N5: =3*SUM(K5:K7)-(SUM(J5:J7))^2 -> 556322 | O5: =SUM(M5:M7) -> -4.4408921e-16 | P5: =(3*SUM(L5:L7)-SUM(G5:G7)*SUM(J5:J7))/N5 -> -0.0020344117 | Q5: =O5*SQRT(3/N5) -> -1.031259e-18 | R5: =(SUM(K5:K7)*SUM(G5:G7)-SUM(J5:J7)*SUM(L5:L7))/N5 -> 2.7674832 | S5: =O5*SQRT(SUM(K5:K7)/N5) -> -5.6602935e-16 | T5: =1000*ATAN(P5) -> -2.0344089 | U5: =1000*ATAN(Q5) -> -1.031259e-15
A6: -30 | B6: 66.2 | C6: 13.5 | D6: =IF(C6=0,0,(C6+18)) -> 31.5 | E6: 157.5 | F6: =E6/1000000 -> 0.0001575 | G6: =(2*PI()*B6*D6*F6)/(SQRT(2*LN(2))) -> 1.7526744 | H6: =IF(G6=0,0,(G6*2*PI()*SQRT(((B6*0.02+0.05)/B6)^2+(0.5/D6)^2+(0.000001/F6)^2))/SQRT(2*LN(2))) -> 0.25149922 | I6: 48.9 | J6: =I6*10 -> 489 | K6: =J6^2 -> 239121 | L6: =J6*G6 -> 857.05778 | M6: =G6-P5*J6-R5 -> -0.019981486
A7: -30 | B7: 65.9 | C7: 13 | D7: =IF(C7=0,0,(C7+18)) -> 31 | E7: 106.6 | F7: =E7/1000000 -> 0.0001066 | G7: =(2*PI()*B7*D7*F7)/(SQRT(2*LN(2))) -> 1.1621347 | H7: =IF(G7=0,0,(G7*2*PI()*SQRT(((B7*0.02+0.05)/B7)^2+(0.5/D7)^2+(0.000001/F7)^2))/SQRT(2*LN(2))) -> 0.17310001 | I7: 79.4 | J7: =I7*10 -> 794 | K7: =J7^2 -> 630436 | L7: =J7*G7 -> 922.73492 | M7: =G7-P5*J7-R5 -> 0.009974338
A8: -20 | B8: 65.7 | C8: 10 | D8: =IF(C8=0,0,(C8+18)) -> 28 | E8: 254 | F8: =E8/1000000 -> 0.000254 | G8: =(2*PI()*B8*D8*F8)/(SQRT(2*LN(2))) -> 2.4934993 | H8: =IF(G8=0,0,(G8*2*PI()*SQRT(((B8*0.02+0.05)/B8)^2+(0.5/D8)^2+(0.000001/F8)^2))/SQRT(2*LN(2))) -> 0.3681333 | I8: 18.5 | J8: =I8*10 -> 185 | K8: =J8^2 -> 34225 | L8: =J8*G8 -> 461.29738 | M8: =G8-P8*J8-R8 -> 0.0011639472 | N8: =3*SUM(K8:K10)-(SUM(J8:J10))^2 -> 556322 | O8: =SUM(M8:M10) -> 1.7763568e-15 | P8: =(3*SUM(L8:L10)-SUM(G8:G10)*SUM(J8:J10))/N8 -> -0.0012696016 | Q8: =O8*SQRT(3/N8) -> 4.1250358e-18 | R8: =(SUM(K8:K10)*SUM(G8:G10)-SUM(J8:J10)*SUM(L8:L10))/N8 -> 2.7272117 | S8: =O8*SQRT(SUM(K8:K10)/N8) -> 2.2641174e-15 | T8: =1000*ATAN(P8) -> -1.2696009 | U8: =1000*ATAN(Q8) -> 4.1250358e-15
A9: -20 | B9: 65.9 | C9: 13 | D9: =IF(C9=0,0,(C9+18)) -> 31 | E9: 193 | F9: =E9/1000000 -> 0.000193 | G9: =(2*PI()*B9*D9*F9)/(SQRT(2*LN(2))) -> 2.1040524 | H9: =IF(G9=0,0,(G9*2*PI()*SQRT(((B9*0.02+0.05)/B9)^2+(0.5/D9)^2+(0.000001/F9)^2))/SQRT(2*LN(2))) -> 0.30084703 | I9: 48.9 | J9: =I9*10 -> 489 | K9: =J9^2 -> 239121 | L9: =J9*G9 -> 1028.8816 | M9: =G9-P8*J9-R8 -> -0.0023240783
A10: -20 | B10: 65.9 | C10: 13 | D10: =IF(C10=0,0,(C10+18)) -> 31 | E10: 157.8 | F10: =E10/1000000 -> 0.0001578 | G10: =(2*PI()*B10*D10*F10)/(SQRT(2*LN(2))) -> 1.7203082 | H10: =IF(G10=0,0,(G10*2*PI()*SQRT(((B10*0.02+0.05)/B10)^2+(0.5/D10)^2+(0.000001/F10)^2))/SQRT(2*LN(2))) -> 0.24824773 | I10: 79.4 | J10: =I10*10 -> 794 | K10: =J10^2 -> 630436 | L10: =J10*G10 -> 1365.9247 | M10: =G10-P8*J10-R8 -> 0.001160131
A11: -10 | B11: 65.9 | C11: 13 | D11: =IF(C11=0,0,(C11+18)) -> 31 | E11: 233 | F11: =E11/1000000 -> 0.000233 | G11: =(2*PI()*B11*D11*F11)/(SQRT(2*LN(2))) -> 2.5401255 | H11: =IF(G11=0,0,(G11*2*PI()*SQRT(((B11*0.02+0.05)/B11)^2+(0.5/D11)^2+(0.000001/F11)^2))/SQRT(2*LN(2))) -> 0.36106097 | I11: 18.5 | J11: =I11*10 -> 185 | K11: =J11^2 -> 34225 | L11: =J11*G11 -> 469.92321 | M11: =G11-P11*J11-R11 -> 0.007728575 | N11: =3*SUM(K11:K13)-(SUM(J11:J13))^2 -> 556322 | O11: =SUM(M11:M13) -> 3.9968029e-15 | P11: =(3*SUM(L11:L13)-SUM(G11:G13)*SUM(J11:J13))/N11 -> -0.0005172607 | Q11: =O11*SQRT(3/N11) -> 9.2813306e-18 | R11: =(SUM(K11:K13)*SUM(G11:G13)-SUM(J11:J13)*SUM(L11:L13))/N11 -> 2.6280901 | S11: =O11*SQRT(SUM(K11:K13)/N11) -> 5.0942641e-15 | T11: =1000*ATAN(P11) -> -0.51726065 | U11: =1000*ATAN(Q11) -> 9.2813306e-15
A12: -10 | B12: 65.9 | C12: 12.5 | D12: =IF(C12=0,0,(C12+18)) -> 30.5 | E12: 220 | F12: =E12/1000000 -> 0.00022 | G12: =(2*PI()*B12*D12*F12)/(SQRT(2*LN(2))) -> 2.3597178 | H12: =IF(G12=0,0,(G12*2*PI()*SQRT(((B12*0.02+0.05)/B12)^2+(0.5/D12)^2+(0.000001/F12)^2))/SQRT(2*LN(2))) -> 0.33797004 | I12: 48.9 | J12: =I12*10 -> 489 | K12: =J12^2 -> 239121 | L12: =J12*G12 -> 1153.902 | M12: =G12-P11*J12-R11 -> -0.01543181
A13: -10 | B13: 66.2 | C13: 10.5 | D13: =IF(C13=0,0,(C13+18)) -> 28.5 | E13: 221 | F13: =E13/1000000 -> 0.000221 | G13: =(2*PI()*B13*D13*F13)/(SQRT(2*LN(2))) -> 2.2250884 | H13: =IF(G13=0,0,(G13*2*PI()*SQRT(((B13*0.02+0.05)/B13)^2+(0.5/D13)^2+(0.000001/F13)^2))/SQRT(2*LN(2))) -> 0.32713932 | I13: 79.4 | J13: =I13*10 -> 794 | K13: =J13^2 -> 630436 | L13: =J13*G13 -> 1766.7202 | M13: =G13-P11*J13-R11 -> 0.0077032354
A14: 0 | B14: 66 | C14: 12 | D14: =IF(C14=0,0,(C14+18)) -> 30 | E14: 252 | F14: =E14/1000000 -> 0.000252 | G14: =(2*PI()*B14*D14*F14)/(SQRT(2*LN(2))) -> 2.6626732 | H14: =IF(G14=0,0,(G14*2*PI()*SQRT(((B14*0.02+0.05)/B14)^2+(0.5/D14)^2+(0.000001/F14)^2))/SQRT(2*LN(2))) -> 0.38243688 | I14: 18.5 | J14: =I14*10 -> 185 | K14: =J14^2 -> 34225 | L14: =J14*G14 -> 492.59455 | M14: =G14-P14*J14-R14 -> 0.0061192996 | N14: =3*SUM(K14:K16)-(SUM(J14:J16))^2 -> 556322 | O14: =SUM(M14:M16) -> -2.6645353e-15 | P14: =(3*SUM(L14:L16)-SUM(G14:G16)*SUM(J14:J16))/N14 -> 0.00021283184 | Q14: =O14*SQRT(3/N14) -> -6.1875537e-18 | R14: =(SUM(K14:K16)*SUM(G14:G16)-SUM(J14:J16)*SUM(L14:L16))/N14 -> 2.61718 | S14: =O14*SQRT(SUM(K14:K16)/N14) -> -3.3961761e-15 | T14: =1000*ATAN(P14) -> 0.21283184 | U14: =1000*ATAN(Q14) -> -6.1875537e-15
A15: 0 | B15: 66.1 | C15: 12 | D15: =IF(C15=0,0,(C15+18)) -> 30 | E15: 256 | F15: =E15/1000000 -> 0.000256 | G15: =(2*PI()*B15*D15*F15)/(SQRT(2*LN(2))) -> 2.7090363 | H15: =IF(G15=0,0,(G15*2*PI()*SQRT(((B15*0.02+0.05)/B15)^2+(0.5/D15)^2+(0.000001/F15)^2))/SQRT(2*LN(2))) -> 0.38895202 | I15: 48.9 | J15: =I15*10 -> 489 | K15: =J15^2 -> 239121 | L15: =J15*G15 -> 1324.7187 | M15: =G15-P14*J15-R14 -> -0.012218536
A16: 0 | B16: 66.2 | C16: 14 | D16: =IF(C16=0,0,(C16+18)) -> 32 | E16: 247 | F16: =E16/1000000 -> 0.000247 | G16: =(2*PI()*B16*D16*F16)/(SQRT(2*LN(2))) -> 2.7922678 | H16: =IF(G16=0,0,(G16*2*PI()*SQRT(((B16*0.02+0.05)/B16)^2+(0.5/D16)^2+(0.000001/F16)^2))/SQRT(2*LN(2))) -> 0.39178405 | I16: 79.4 | J16: =I16*10 -> 794 | K16: =J16^2 -> 630436 | L16: =J16*G16 -> 2217.0606 | M16: =G16-P14*J16-R14 -> 0.0060992364
A17: 10 | B17: 66.2 | C17: 12 | D17: =IF(C17=0,0,(C17+18)) -> 30 | E17: 269 | F17: =E17/1000000 -> 0.000269 | G17: =(2*PI()*B17*D17*F17)/(SQRT(2*LN(2))) -> 2.850911 | H17: =IF(G17=0,0,(G17*2*PI()*SQRT(((B17*0.02+0.05)/B17)^2+(0.5/D17)^2+(0.000001/F17)^2))/SQRT(2*LN(2))) -> 0.40890127 | I17: 18.5 | J17: =I17*10 -> 185 | K17: =J17^2 -> 34225 | L17: =J17*G17 -> 527.41854 | M17: =G17-P17*J17-R17 -> 0.0013321431 | N17: =3*SUM(K17:K19)-(SUM(J17:J19))^2 -> 556322 | O17: =SUM(M17:M19) -> 6.6613381e-15 | P17: =(3*SUM(L17:L19)-SUM(G17:G19)*SUM(J17:J19))/N17 -> 0.0014588172 | Q17: =O17*SQRT(3/N17) -> 1.5468884e-17 | R17: =(SUM(K17:K19)*SUM(G17:G19)-SUM(J17:J19)*SUM(L17:L19))/N17 -> 2.5796977 | S17: =O17*SQRT(SUM(K17:K19)/N17) -> 8.4904402e-15 | T17: =1000*ATAN(P17) -> 1.4588162 | U17: =1000*ATAN(Q17) -> 1.5468884e-14
A18: 10 | B18: 66.3 | C18: 12 | D18: =IF(C18=0,0,(C18+18)) -> 30 | E18: 310 | F18: =E18/1000000 -> 0.00031 | G18: =(2*PI()*B18*D18*F18)/(SQRT(2*LN(2))) -> 3.2903994 | H18: =IF(G18=0,0,(G18*2*PI()*SQRT(((B18*0.02+0.05)/B18)^2+(0.5/D18)^2+(0.000001/F18)^2))/SQRT(2*LN(2))) -> 0.4708044 | I18: 48.9 | J18: =I18*10 -> 489 | K18: =J18^2 -> 239121 | L18: =J18*G18 -> 1609.0053 | M18: =G18-P17*J18-R17 -> -0.0026599184
A19: 10 | B19: 65.9 | C19: 13 | D19: =IF(C19=0,0,(C19+18)) -> 31 | E19: 343 | F19: =E19/1000000 -> 0.000343 | G19: =(2*PI()*B19*D19*F19)/(SQRT(2*LN(2))) -> 3.7393263 | H19: =IF(G19=0,0,(G19*2*PI()*SQRT(((B19*0.02+0.05)/B19)^2+(0.5/D19)^2+(0.000001/F19)^2))/SQRT(2*LN(2))) -> 0.52779001 | I19: 79.4 | J19: =I19*10 -> 794 | K19: =J19^2 -> 630436 | L19: =J19*G19 -> 2969.0251 | M19: =G19-P17*J19-R17 -> 0.0013277754
A20: 20 | B20: 65.6 | C20: 10 | D20: =IF(C20=0,0,(C20+18)) -> 28 | E20: 331 | F20: =E20/1000000 -> 0.000331 | G20: =(2*PI()*B20*D20*F20)/(SQRT(2*LN(2))) -> 3.2444569 | H20: =IF(G20=0,0,(G20*2*PI()*SQRT(((B20*0.02+0.05)/B20)^2+(0.5/D20)^2+(0.000001/F20)^2))/SQRT(2*LN(2))) -> 0.47701946 | I20: 18.5 | J20: =I20*10 -> 185 | K20: =J20^2 -> 34225 | L20: =J20*G20 -> 600.22452 | M20: =G20-P20*J20-R20 -> 0.028626948 | N20: =3*SUM(K20:K22)-(SUM(J20:J22))^2 -> 556322 | O20: =SUM(M20:M22) -> 9.3258734e-15 | P20: =(3*SUM(L20:L22)-SUM(G20:G22)*SUM(J20:J22))/N20 -> 0.0021825236 | Q20: =O20*SQRT(3/N20) -> 2.1656438e-17 | R20: =(SUM(K20:K22)*SUM(G20:G22)-SUM(J20:J22)*SUM(L20:L22))/N20 -> 2.812063 | S20: =O20*SQRT(SUM(K20:K22)/N20) -> 1.1886616e-14 | T20: =1000*ATAN(P20) -> 2.1825201 | U20: =1000*ATAN(Q20) -> 2.1656438e-14
A21: 20 | B21: 64.9 | C21: 13 | D21: =IF(C21=0,0,(C21+18)) -> 31 | E21: 356 | F21: =E21/1000000 -> 0.000356 | G21: =(2*PI()*B21*D21*F21)/(SQRT(2*LN(2))) -> 3.8221571 | H21: =IF(G21=0,0,(G21*2*PI()*SQRT(((B21*0.02+0.05)/B21)^2+(0.5/D21)^2+(0.000001/F21)^2))/SQRT(2*LN(2))) -> 0.53943342 | I21: 48.9 | J21: =I21*10 -> 489 | K21: =J21^2 -> 239121 | L21: =J21*G21 -> 1869.0348 | M21: =G21-P20*J21-R20 -> -0.057160038
A22: 20 | B22: 65.5 | C22: 12.5 | D22: =IF(C22=0,0,(C22+18)) -> 30.5 | E22: 429 | F22: =E22/1000000 -> 0.000429 | G22: =(2*PI()*B22*D22*F22)/(SQRT(2*LN(2))) -> 4.5735199 | H22: =IF(G22=0,0,(G22*2*PI()*SQRT(((B22*0.02+0.05)/B22)^2+(0.5/D22)^2+(0.000001/F22)^2))/SQRT(2*LN(2))) -> 0.64816906 | I22: 79.4 | J22: =I22*10 -> 794 | K22: =J22^2 -> 630436 | L22: =J22*G22 -> 3631.3748 | M22: =G22-P20*J22-R20 -> 0.028533089
A23: 30 | B23: 65.4 | C23: 11 | D23: =IF(C23=0,0,(C23+18)) -> 29 | E23: 334 | F23: =E23/1000000 -> 0.000334 | G23: =(2*PI()*B23*D23*F23)/(SQRT(2*LN(2))) -> 3.3804487 | H23: =IF(G23=0,0,(G23*2*PI()*SQRT(((B23*0.02+0.05)/B23)^2+(0.5/D23)^2+(0.000001/F23)^2))/SQRT(2*LN(2))) -> 0.48986514 | I23: 18.5 | J23: =I23*10 -> 185 | K23: =J23^2 -> 34225 | L23: =J23*G23 -> 625.38301 | M23: =G23-P23*J23-R23 -> -0.0030635703 | N23: =3*SUM(K23:K25)-(SUM(J23:J25))^2 -> 556322 | O23: =SUM(M23:M25) -> 2.220446e-15 | P23: =(3*SUM(L23:L25)-SUM(G23:G25)*SUM(J23:J25))/N23 -> 0.0043903444 | Q23: =O23*SQRT(3/N23) -> 5.1562948e-18 | R23: =(SUM(K23:K25)*SUM(G23:G25)-SUM(J23:J25)*SUM(L23:L25))/N23 -> 2.5712986 | S23: =O23*SQRT(SUM(K23:K25)/N23) -> 2.8301467e-15 | T23: =1000*ATAN(P23) -> 4.3903162 | U23: =1000*ATAN(Q23) -> 5.1562948e-15
A24: 30 | B24: 65.3 | C24: 12.5 | D24: =IF(C24=0,0,(C24+18)) -> 30.5 | E24: 444.5 | F24: =E24/1000000 -> 0.0004445 | G24: =(2*PI()*B24*D24*F24)/(SQRT(2*LN(2))) -> 4.7242941 | H24: =IF(G24=0,0,(G24*2*PI()*SQRT(((B24*0.02+0.05)/B24)^2+(0.5/D24)^2+(0.000001/F24)^2))/SQRT(2*LN(2))) -> 0.66940645 | I24: 48.9 | J24: =I24*10 -> 489 | K24: =J24^2 -> 239121 | L24: =J24*G24 -> 2310.1798 | M24: =G24-P23*J24-R23 -> 0.0061170961
A25: 30 | B25: 65.2 | C25: 12.5 | D25: =IF(C25=0,0,(C25+18)) -> 30.5 | E25: 570.5 | F25: =E25/1000000 -> 0.0005705 | G25: =(2*PI()*B25*D25*F25)/(SQRT(2*LN(2))) -> 6.0541785 | H25: =IF(G25=0,0,(G25*2*PI()*SQRT(((B25*0.02+0.05)/B25)^2+(0.5/D25)^2+(0.000001/F25)^2))/SQRT(2*LN(2))) -> 0.85666269 | I25: 79.4 | J25: =I25*10 -> 794 | K25: =J25^2 -> 630436 | L25: =J25*G25 -> 4807.0178 | M25: =G25-P23*J25-R23 -> -0.0030535258
A26: 40 | B26: 65.5 | C26: 11.5 | D26: =IF(C26=0,0,(C26+18)) -> 29.5 | E26: 402 | F26: =E26/1000000 -> 0.000402 | G26: =(2*PI()*B26*D26*F26)/(SQRT(2*LN(2))) -> 4.145162 | H26: =IF(G26=0,0,(G26*2*PI()*SQRT(((B26*0.02+0.05)/B26)^2+(0.5/D26)^2+(0.000001/F26)^2))/SQRT(2*LN(2))) -> 0.59543788 | I26: 18.5 | J26: =I26*10 -> 185 | K26: =J26^2 -> 34225 | L26: =J26*G26 -> 766.85497 | M26: =G26-P26*J26-R26 -> 0.007011657 | N26: =3*SUM(K26:K28)-(SUM(J26:J28))^2 -> 556322 | O26: =SUM(M26:M28) -> 7.1054274e-15 | P26: =(3*SUM(L26:L28)-SUM(G26:G28)*SUM(J26:J28))/N26 -> 0.009688377 | Q26: =O26*SQRT(3/N26) -> 1.6500143e-17 | R26: =(SUM(K26:K28)*SUM(G26:G28)-SUM(J26:J28)*SUM(L26:L28))/N26 -> 2.3458006 | S26: =O26*SQRT(SUM(K26:K28)/N26) -> 9.0564695e-15 | T26: =1000*ATAN(P26) -> 9.6880738 | U26: =1000*ATAN(Q26) -> 1.6500143e-14
A27: 40 | B27: 65.4 | C27: 14 | D27: =IF(C27=0,0,(C27+18)) -> 32 | E27: 633 | F27: =E27/1000000 -> 0.000633 | G27: =(2*PI()*B27*D27*F27)/(SQRT(2*LN(2))) -> 7.0694166 | H27: =IF(G27=0,0,(G27*2*PI()*SQRT(((B27*0.02+0.05)/B27)^2+(0.5/D27)^2+(0.000001/F27)^2))/SQRT(2*LN(2))) -> 0.98217098 | I27: 48.9 | J27: =I27*10 -> 489 | K27: =J27^2 -> 239121 | L27: =J27*G27 -> 3456.9447 | M27: =G27-P26*J27-R26 -> -0.014000325
A28: 40 | B28: 65.8 | C28: 14 | D28: =IF(C28=0,0,(C28+18)) -> 32 | E28: 894 | F28: =E28/1000000 -> 0.000894 | G28: =(2*PI()*B28*D28*F28)/(SQRT(2*LN(2))) -> 10.045361 | H28: =IF(G28=0,0,(G28*2*PI()*SQRT(((B28*0.02+0.05)/B28)^2+(0.5/D28)^2+(0.000001/F28)^2))/SQRT(2*LN(2))) -> 1.3941453 | I28: 79.4 | J28: =I28*10 -> 794 | K28: =J28^2 -> 630436 | L28: =J28*G28 -> 7976.0163 | M28: =G28-P26*J28-R26 -> 0.006988668
B29: converging negative | I29: Push beam chopper to the left when screwed in
B30: diverging positive

Sheet Method2
A1: Placement | B1: Phi1D | C1: Phi2D | D1: Phi1R | E1: Phi2R | F1: DL | G1: DivergenceHalfAngle | I1: (Phi1-Phi2)/L | J1: Slope | L1: Delta | M1: Lambda | N1: Thickness | O1: Angle of incidence
A2: 1 | B2: -40 | C2: -63 | D2: =RADIANS(B2) -> -0.6981317 | E2: =RADIANS(C2) -> -1.0995574 | F2: 305 | G2: =IF(C2=0,0,1000*((2*Delta*Lambda^2*ABS(TAN(D2)-TAN(E2)))/(t*PI()^2*F2*SIN(2*a)))^(1/4)) -> 23.738392 | I2: =IF(C2=0,0,(B2-C2)/F2) -> 0.075409836 | J2: =TAN(G2) -> -5.6084883 | L2: 0.0005672 | M2: 0.0006328 | N2: 0.75 | O2: =PI()/4 -> 0.78539816
A3: 2 | B3: -30 | C3: -41 | D3: =RADIANS(B3) -> -0.52359878 | E3: =RADIANS(C3) -> -0.71558499 | F3: 305 | G3: =IF(C3=0,0,1000*((2*Delta*Lambda^2*ABS(TAN(D3)-TAN(E3)))/(t*PI()^2*F3*SIN(2*a)))^(1/4)) -> 16.948414 | I3: =IF(C3=0,0,(B3-C3)/F3) -> 0.036065574 | J3: =TAN(G3) -> 2.9162073 | N3: ±0.25
A4: 3 | B4: -20 | C4: -24 | D4: =RADIANS(B4) -> -0.34906585 | E4: =RADIANS(C4) -> -0.41887902 | F4: 305 | G4: =IF(C4=0,0,1000*((2*Delta*Lambda^2*ABS(TAN(D4)-TAN(E4)))/(t*PI()^2*F4*SIN(2*a)))^(1/4)) -> 12.310455 | I4: =IF(C4=0,0,(B4-C4)/F4) -> 0.013114754 | J4: =TAN(G4) -> -0.26165271
A5: 4 | B5: -10 | C5: -11 | D5: =RADIANS(B5) -> -0.17453293 | E5: =RADIANS(C5) -> -0.19198622 | F5: 305 | G5: =IF(C5=0,0,1000*((2*Delta*Lambda^2*ABS(TAN(D5)-TAN(E5)))/(t*PI()^2*F5*SIN(2*a)))^(1/4)) -> 8.4517432 | I5: =IF(C5=0,0,(B5-C5)/F5) -> 0.0032786885 | J5: =TAN(G5) -> -1.4687399
A6: 5 | B6: 30 | C6: 26 | D6: =RADIANS(B6) -> 0.52359878 | E6: =RADIANS(C6) -> 0.45378561 | F6: 305 | G6: =IF(C6=0,0,1000*((2*Delta*Lambda^2*ABS(TAN(D6)-TAN(E6)))/(t*PI()^2*F6*SIN(2*a)))^(1/4)) -> 12.615527 | I6: =IF(C6=0,0,(B6-C6)/F6) -> 0.013114754 | J6: =TAN(G6) -> 0.049196066
B7: Right | C7: Left | F7: Distance between placements

Sheet Data4
A1: Angle | B1: DivergenceHalfAngle1 | C1: DivergenceHalfAngleU | D1: SlopeM1 | E1: SlopeUM1 | F1: YInt | G1: YIntU | H1: SlopeM2 | I1: XM2 | J1: DivergenceHalfAngle2 | K1: AxialPositionMM | L1: BeamWidth_40 | M1: BeamWidth_40U | N1: BeamWidth_30 | O1: BeamWidth_30U | P1: BeamWidth_20 | Q1: BeamWidth_20U | R1: BeamWidth_10 | S1: BeamWidth_10U | T1: BeamWidth0 | U1: BeamWidth0U | V1: BeamWidth10 | W1: BeamWidth10U | X1: BeamWidth20 | Y1: BeamWidth20U | Z1: BeamWidth30 | AA1: BeamWidth30U | AB1: BeamWidth40 | AC1: BeamWidth40U
A2: -40 | B2: =Method1!$T$2 -> -2.497615 | C2: =Method1!$U$2 -> 1.031259e-15 | D2: =Method1!$P$2 -> -0.0024976202 | E2: =Method1!$Q$2 -> 1.031259e-18 | F2: =Method1!$R$2 -> 2.6758889 | G2: =Method1!$S$2 -> 5.6602935e-16 | H2: =Method2!$J$2 -> -5.6084883 | I2: =Method2!$I$2 -> 0.075409836 | J2: =Method2!$G$2 -> 23.738392 | K2: =Method1!$J$2 -> 185 | L2: =Method1!$G$2 -> 2.2108805 | M2: =Method1!$H$2 -> 0.31729472 | N2: =Method1!$G$5 -> 2.4011242 | O2: =Method1!$H$5 -> 0.33830685 | P2: =Method1!$G$8 -> 2.4934993 | Q2: =Method1!$H$8 -> 0.3681333 | R2: =Method1!$G$11 -> 2.5401255 | S2: =Method1!$H$11 -> 0.36106097 | T2: =Method1!$G$14 -> 2.6626732 | U2: =Method1!$H$14 -> 0.38243688 | V2: =Method1!$G$17 -> 2.850911 | W2: =Method1!$H$17 -> 0.40890127 | X2: =Method1!$G$20 -> 3.2444569 | Y2: =Method1!$H$20 -> 0.47701946 | Z2: =Method1!$G$23 -> 3.3804487 | AA2: =Method1!$H$23 -> 0.48986514 | AB2: =Method1!$G$26 -> 4.145162 | AC2: =Method1!$H$26 -> 0.59543788
A3: -30 | B3: =Method1!$T$5 -> -2.0344089 | C3: =Method1!$U$5 -> -1.031259e-15 | D3: =Method1!$P$5 -> -0.0020344117 | E3: =Method1!$Q$5 -> -1.031259e-18 | F3: =Method1!$R$5 -> 2.7674832 | G3: =Method1!$S$5 -> -5.6602935e-16 | H3: =Method2!$J$3 -> 2.9162073 | I3: =Method2!$I$3 -> 0.036065574 | J3: =Method2!$G$3 -> 16.948414 | K3: =Method1!$J$3 -> 489 | L3: =Method1!$G$3 -> 1.4604404 | M3: =Method1!$H$3 -> 0.21386684 | N3: =Method1!$G$6 -> 1.7526744 | O3: =Method1!$H$6 -> 0.25149922 | P3: =Method1!$G$9 -> 2.1040524 | Q3: =Method1!$H$9 -> 0.30084703 | R3: =Method1!$G$12 -> 2.3597178 | S3: =Method1!$H$12 -> 0.33797004 | T3: =Method1!$G$15 -> 2.7090363 | U3: =Method1!$H$15 -> 0.38895202 | V3: =Method1!$G$18 -> 3.2903994 | W3: =Method1!$H$18 -> 0.4708044 | X3: =Method1!$G$21 -> 3.8221571 | Y3: =Method1!$H$21 -> 0.53943342 | Z3: =Method1!$G$24 -> 4.7242941 | AA3: =Method1!$H$24 -> 0.66940645 | AB3: =Method1!$G$27 -> 7.0694166 | AC3: =Method1!$H$27 -> 0.98217098
A4: -20 | B4: =Method1!$T$8 -> -1.2696009 | C4: =Method1!$U$8 -> 4.1250358e-15 | D4: =Method1!$P$8 -> -0.0012696016 | E4: =Method1!$Q$8 -> 4.1250358e-18 | F4: =Method1!$R$8 -> 2.7272117 | G4: =Method1!$S$8 -> 2.2641174e-15 | H4: =Method2!$J$4 -> -0.26165271 | I4: =Method2!$I$4 -> 0.013114754 | J4: =Method2!$G$4 -> 12.310455 | K4: =Method1!$J$4 -> 794 | L4: =Method1!$G$4 -> 0.68983942 | M4: =Method1!$H$4 -> 0.11293744 | N4: =Method1!$G$7 -> 1.1621347 | O4: =Method1!$H$7 -> 0.17310001 | P4: =Method1!$G$10 -> 1.7203082 | Q4: =Method1!$H$10 -> 0.24824773 | R4: =Method1!$G$13 -> 2.2250884 | S4: =Method1!$H$13 -> 0.32713932 | T4: =Method1!$G$16 -> 2.7922678 | U4: =Method1!$H$16 -> 0.39178405 | V4: =Method1!$G$19 -> 3.7393263 | W4: =Method1!$H$19 -> 0.52779001 | X4: =Method1!$G$22 -> 4.5735199 | Y4: =Method1!$H$22 -> 0.64816906 | Z4: =Method1!$G$25 -> 6.0541785 | AA4: =Method1!$H$25 -> 0.85666269 | AB4: =Method1!$G$28 -> 10.045361 | AC4: =Method1!$H$28 -> 1.3941453
A5: -10 | B5: =Method1!$T$11 -> -0.51726065 | C5: =Method1!$U$11 -> 9.2813306e-15 | D5: =Method1!$P$11 -> -0.0005172607 | E5: =Method1!$Q$11 -> 9.2813306e-18 | F5: =Method1!$R$11 -> 2.6280901 | G5: =Method1!$S$11 -> 5.0942641e-15 | H5: =Method2!$J$5 -> -1.4687399 | I5: =Method2!$I$5 -> 0.0032786885 | J5: =Method2!$G$5 -> 8.4517432
A6: 0 | B6: =Method1!$T$14 -> 0.21283184 | C6: =Method1!$U$14 -> -6.1875537e-15 | D6: =Method1!$P$14 -> 0.00021283184 | E6: =Method1!$Q$14 -> -6.1875537e-18 | F6: =Method1!$R$14 -> 2.61718 | G6: =Method1!$S$14 -> -3.3961761e-15 | H6: =Method2!$J$6 -> 0.049196066 | I6: =Method2!$I$6 -> 0.013114754 | J6: =Method2!$G$6 -> 12.615527
A7: 10 | B7: =Method1!$T$17 -> 1.4588162 | C7: =Method1!$U$17 -> 1.5468884e-14 | D7: =Method1!$P$17 -> 0.0014588172 | E7: =Method1!$Q$17 -> 1.5468884e-17 | F7: =Method1!$R$17 -> 2.5796977 | G7: =Method1!$S$17 -> 8.4904402e-15
A8: 20 | B8: =Method1!$T$20 -> 2.1825201 | C8: =Method1!$U$20 -> 2.1656438e-14 | D8: =Method1!$P$20 -> 0.0021825236 | E8: =Method1!$Q$20 -> 2.1656438e-17 | F8: =Method1!$R$20 -> 2.812063 | G8: =Method1!$S$20 -> 1.1886616e-14
A9: 30 | B9: =Method1!$T$23 -> 4.3903162 | C9: =Method1!$U$23 -> 5.1562948e-15 | D9: =Method1!$P$23 -> 0.0043903444 | E9: =Method1!$Q$23 -> 5.1562948e-18 | F9: =Method1!$R$23 -> 2.5712986 | G9: =Method1!$S$23 -> 2.8301467e-15
A10: 40 | B10: =Method1!$T$26 -> 9.6880738 | C10: =Method1!$U$26 -> 1.6500143e-14 | D10: =Method1!$P$26 -> 0.009688377 | E10: =Method1!$Q$26 -> 1.6500143e-17 | F10: =Method1!$R$26 -> 2.3458006 | G10: =Method1!$S$26 -> 9.0564695e-15
J19: `
