Workbook

Sheet Dataset1
A1: Angle | B1: ChopperFrequency | C1: ActualFrequency | D1: DiscRadiusCM | E1: DiscRadiusMM | F1: FWHMUS | G1: FWHMS | H1: BeamWidth | I1: BeamWidthU | J1: AxialPositionCM | K1: AxialPositionMM | L1: X2 | M1: XY | N1: y-mx-b | O1: Delta | P1: CU | Q1: Slope | R1: SlopeU | S1: Yint | T1: DivergenceHalfAngle | U1: DivergenceHalfAngleU
A2: -40 | B2: 538 | C2: =B2/5 -> 107.6 | D2: 2.65 | E2: =D2*10 -> 26.5 | F2: 223 | G2: =F2/1000000 -> 0.000223 | H2: =(2*PI()*C2*E2*G2)/(SQRT(2*LN(2))) -> 3.3932445 | I2: =(H2*2*PI()*SQRT((((B2*0.02+1)/30)/B2)^2+(0.5/E2)^2+(0.000002/G2)^2))/SQRT(2*LN(2)) -> 0.37852174 | J2: 38.1 | K2: =J2*10 -> 381 | L2: =K2^2 -> 145161 | M2: =K2*H2 -> 1292.8261 | N2: =H2-Q2*K2-S2 -> -0.026720916 | O2: =4*SUM(L2:L5)-(SUM(K2:K5))^2 -> 198432 | P2: =SQRT((SUM(N2:N5))^2/2) -> 6.2803698e-15 | Q2: =(4*SUM(M2:M5)-SUM(H2:H5)*SUM(K2:K5))/O2 -> -0.0053461709 | R2: =P2*SQRT(4/O2) -> 2.8197419e-17 | S2: =(SUM(L2:L5)*SUM(H2:H5)-SUM(K2:K5)*SUM(M2:M5))/O2 -> 5.4568565 | T2: =1000*ATAN(Q2) -> -5.3461199 | U2: =1000*ATAN(R2) -> 2.8197419e-14
A3: -40 | B3: 536 | C3: =B3/5 -> 107.2 | D3: 2.8 | E3: =D3*10 -> 28 | F3: 248 | G3: =F3/1000000 -> 0.000248 | H3: =(2*PI()*C3*E3*G3)/(SQRT(2*LN(2))) -> 3.9724335 | I3: =(H3*2*PI()*SQRT((((B3*0.02+1)/30)/B3)^2+(0.5/E3)^2+(0.000002/G3)^2))/SQRT(2*LN(2)) -> 0.41564829 | J3: 28.5 | K3: =J3*10 -> 285 | L3: =K3^2 -> 81225 | M3: =K3*H3 -> 1132.1436 | N3: =H3-Q2*K3-S2 -> 0.039235739
A4: -40 | B4: 545 | C4: =B4/5 -> 109 | D4: 2.8 | E4: =D4*10 -> 28 | F4: 275 | G4: =F4/1000000 -> 0.000275 | H4: =(2*PI()*C4*E4*G4)/(SQRT(2*LN(2))) -> 4.4788793 | I4: =(H4*2*PI()*SQRT((((B4*0.02+1)/30)/B4)^2+(0.5/E4)^2+(0.000002/G4)^2))/SQRT(2*LN(2)) -> 0.46117731 | J4: 18.3 | K4: =J4*10 -> 183 | L4: =K4^2 -> 33489 | M4: =K4*H4 -> 819.63492 | N4: =H4-Q2*K4-S2 -> 0.00037213632
A5: -40 | B5: 539 | C5: =B5/5 -> 107.8 | D5: 2.65 | E5: =D5*10 -> 26.5 | F5: 328 | G5: =F5/1000000 -> 0.000328 | H5: =(2*PI()*C5*E5*G5)/(SQRT(2*LN(2))) -> 5.0002373 | I5: =(H5*2*PI()*SQRT((((B5*0.02+1)/30)/B5)^2+(0.5/E5)^2+(0.000002/G5)^2))/SQRT(2*LN(2)) -> 0.52945705 | J5: 8.3 | K5: =J5*10 -> 83 | L5: =K5^2 -> 6889 | M5: =K5*H5 -> 415.0197 | N5: =H5-Q2*K5-S2 -> -0.01288696
A6: -30 | B6: 628 | C6: =B6/5 -> 125.6 | D6: 3 | E6: =D6*10 -> 30 | F6: 194 | G6: =F6/1000000 -> 0.000194 | H6: =(2*PI()*C6*E6*G6)/(SQRT(2*LN(2))) -> 3.9008995 | I6: =(H6*2*PI()*SQRT((((B6*0.02+1)/30)/B6)^2+(0.5/E6)^2+(0.000002/G6)^2))/SQRT(2*LN(2)) -> 0.40823344 | J6: 35.6 | K6: =J6*10 -> 356 | L6: =K6^2 -> 126736 | M6: =K6*H6 -> 1388.7202 | N6: =H6-Q6*K6-S6 -> 0.054367926 | O6: =4*SUM(L6:L9)-(SUM(K6:K9))^2 -> 171515 | P6: =SQRT((SUM(N6:N9))^2/2) -> 8.1644808e-15 | Q6: =(4*SUM(M6:M9)-SUM(H6:H9)*SUM(K6:K9))/O6 -> -0.0045660013 | R6: =P6*SQRT(4/O6) -> 3.9428251e-17 | S6: =(SUM(L6:L9)*SUM(H6:H9)-SUM(K6:K9)*SUM(M6:M9))/O6 -> 5.4720281 | T6: =1000*ATAN(Q6) -> -4.5659696 | U6: =1000*ATAN(R6) -> 3.9428251e-14
A7: -30 | B7: 610 | C7: =B7/5 -> 122 | D7: 2.85 | E7: =D7*10 -> 28.5 | F7: 224 | G7: =F7/1000000 -> 0.000224 | H7: =(2*PI()*C7*E7*G7)/(SQRT(2*LN(2))) -> 4.1562805 | I7: =(H7*2*PI()*SQRT((((B7*0.02+1)/30)/B7)^2+(0.5/E7)^2+(0.000002/G7)^2))/SQRT(2*LN(2)) -> 0.43690578 | J7: 28.5 | K7: =J7*10 -> 285 | L7: =K7^2 -> 81225 | M7: =K7*H7 -> 1184.5399 | N7: =H7-Q6*K7-S6 -> -0.014437195
A8: -30 | B8: 638 | C8: =B8/5 -> 127.6 | D8: 2.6 | E8: =D8*10 -> 26 | F8: 255 | G8: =F8/1000000 -> 0.000255 | H8: =(2*PI()*C8*E8*G8)/(SQRT(2*LN(2))) -> 4.5145695 | I8: =(H8*2*PI()*SQRT((((B8*0.02+1)/30)/B8)^2+(0.5/E8)^2+(0.000002/G8)^2))/SQRT(2*LN(2)) -> 0.50065323 | J8: 18.4 | K8: =J8*10 -> 184 | L8: =K8^2 -> 33856 | M8: =K8*H8 -> 830.68079 | N8: =H8-Q6*K8-S6 -> -0.11731432
A9: -30 | B9: 639 | C9: =B9/5 -> 127.8 | D9: 2.8 | E9: =D9*10 -> 28 | F9: 271 | G9: =F9/1000000 -> 0.000271 | H9: =(2*PI()*C9*E9*G9)/(SQRT(2*LN(2))) -> 5.1749995 | I9: =(H9*2*PI()*SQRT((((B9*0.02+1)/30)/B9)^2+(0.5/E9)^2+(0.000002/G9)^2))/SQRT(2*LN(2)) -> 0.53396995 | J9: 8.2 | K9: =J9*10 -> 82 | L9: =K9^2 -> 6724 | M9: =K9*H9 -> 424.34996 | N9: =H9-Q6*K9-S6 -> 0.077383593
A10: -20 | B10: 577 | C10: =B10/5 -> 115.4 | D10: 2.6 | E10: =D10*10 -> 26 | F10: 258 | G10: =F10/1000000 -> 0.000258 | H10: =(2*PI()*C10*E10*G10)/(SQRT(2*LN(2))) -> 4.1309601 | I10: =(H10*2*PI()*SQRT((((B10*0.02+1)/30)/B10)^2+(0.5/E10)^2+(0.000002/G10)^2))/SQRT(2*LN(2)) -> 0.45736126 | J10: 38.1 | K10: =J10*10 -> 381 | L10: =K10^2 -> 145161 | M10: =K10*H10 -> 1573.8958 | N10: =H10-Q10*K10-S10 -> -0.0094335582 | O10: =4*SUM(L10:L13)-(SUM(K10:K13))^2 -> 167784 | P10: =SQRT((SUM(N10:N13))^2/2) -> 5.6523329e-15 | Q10: =(4*SUM(M10:M13)-SUM(H10:H13)*SUM(K10:K13))/O10 -> -0.0036607114 | R10: =P10*SQRT(4/O10) -> 2.7598308e-17 | S10: =(SUM(L10:L13)*SUM(H10:H13)-SUM(K10:K13)*SUM(M10:M13))/O10 -> 5.5351247 | T10: =1000*ATAN(Q10) -> -3.660695 | U10: =1000*ATAN(R10) -> 2.7598308e-14
A11: -20 | B11: 581 | C11: =B11/5 -> 116.2 | D11: 2.7 | E11: =D11*10 -> 27 | F11: 261 | G11: =F11/1000000 -> 0.000261 | H11: =(2*PI()*C11*E11*G11)/(SQRT(2*LN(2))) -> 4.3698099 | I11: =(H11*2*PI()*SQRT((((B11*0.02+1)/30)/B11)^2+(0.5/E11)^2+(0.000002/G11)^2))/SQRT(2*LN(2)) -> 0.46765359 | J11: 30.5 | K11: =J11*10 -> 305 | L11: =K11^2 -> 93025 | M11: =K11*H11 -> 1332.792 | N11: =H11-Q10*K11-S10 -> -0.048797896
A12: -20 | B12: 586 | C12: =B12/5 -> 117.2 | D12: 2.8 | E12: =D12*10 -> 28 | F12: 279 | G12: =F12/1000000 -> 0.000279 | H12: =(2*PI()*C12*E12*G12)/(SQRT(2*LN(2))) -> 4.8858709 | I12: =(H12*2*PI()*SQRT((((B12*0.02+1)/30)/B12)^2+(0.5/E12)^2+(0.000002/G12)^2))/SQRT(2*LN(2)) -> 0.50206146 | J12: 21 | K12: =J12*10 -> 210 | L12: =K12^2 -> 44100 | M12: =K12*H12 -> 1026.0329 | N12: =H12-Q10*K12-S10 -> 0.11949556
A13: -20 | B13: 580 | C13: =B13/5 -> 116 | D13: 2.8 | E13: =D13*10 -> 28 | F13: 293 | G13: =F13/1000000 -> 0.000293 | H13: =(2*PI()*C13*E13*G13)/(SQRT(2*LN(2))) -> 5.0785038 | I13: =(H13*2*PI()*SQRT((((B13*0.02+1)/30)/B13)^2+(0.5/E13)^2+(0.000002/G13)^2))/SQRT(2*LN(2)) -> 0.51847248 | J13: 10.8 | K13: =J13*10 -> 108 | L13: =K13^2 -> 11664 | M13: =K13*H13 -> 548.47841 | N13: =H13-Q10*K13-S10 -> -0.061264103
A14: -10 | B14: 571 | C14: =B14/5 -> 114.2 | D14: 2.65 | E14: =D14*10 -> 26.5 | F14: 305 | G14: =F14/1000000 -> 0.000305 | H14: =(2*PI()*C14*E14*G14)/(SQRT(2*LN(2))) -> 4.9256546 | I14: =(H14*2*PI()*SQRT((((B14*0.02+1)/30)/B14)^2+(0.5/E14)^2+(0.000002/G14)^2))/SQRT(2*LN(2)) -> 0.52539658 | J14: 38 | K14: =J14*10 -> 380 | L14: =K14^2 -> 144400 | M14: =K14*H14 -> 1871.7488 | N14: =H14-Q14*K14-S14 -> 0.047250192 | O14: =4*SUM(L14:L17)-(SUM(K14:K17))^2 -> 197251 | P14: =SQRT((SUM(N14:N17))^2/2) -> 2.5121479e-15 | Q14: =(4*SUM(M14:M17)-SUM(H14:H17)*SUM(K14:K17))/O14 -> -0.0021894213 | R14: =P14*SQRT(4/O14) -> 1.1312683e-17 | S14: =(SUM(L14:L17)*SUM(H14:H17)-SUM(K14:K17)*SUM(M14:M17))/O14 -> 5.7103845 | T14: =1000*ATAN(Q14) -> -2.1894178 | U14: =1000*ATAN(R14) -> 1.1312683e-14
A15: -10 | B15: 574 | C15: =B15/5 -> 114.8 | D15: 2.7 | E15: =D15*10 -> 27 | F15: 306 | G15: =F15/1000000 -> 0.000306 | H15: =(2*PI()*C15*E15*G15)/(SQRT(2*LN(2))) -> 5.0614997 | I15: =(H15*2*PI()*SQRT((((B15*0.02+1)/30)/B15)^2+(0.5/E15)^2+(0.000002/G15)^2))/SQRT(2*LN(2)) -> 0.53079388 | J15: 28.5 | K15: =J15*10 -> 285 | L15: =K15^2 -> 81225 | M15: =K15*H15 -> 1442.5274 | N15: =H15-Q14*K15-S14 -> -0.024899725
A16: -10 | B16: 570 | C16: =B16/5 -> 114 | D16: 2.75 | E16: =D16*10 -> 27.5 | F16: 312 | G16: =F16/1000000 -> 0.000312 | H16: =(2*PI()*C16*E16*G16)/(SQRT(2*LN(2))) -> 5.2196848 | I16: =(H16*2*PI()*SQRT((((B16*0.02+1)/30)/B16)^2+(0.5/E16)^2+(0.000002/G16)^2))/SQRT(2*LN(2)) -> 0.53738076 | J16: 18.3 | K16: =J16*10 -> 183 | L16: =K16^2 -> 33489 | M16: =K16*H16 -> 955.20232 | N16: =H16-Q14*K16-S14 -> -0.090035627
A17: -10 | B17: 733 | C17: =B17/5 -> 146.6 | D17: 2.85 | E17: =D17*10 -> 28.5 | F17: 251 | G17: =F17/1000000 -> 0.000251 | H17: =(2*PI()*C17*E17*G17)/(SQRT(2*LN(2))) -> 5.5963477 | I17: =(H17*2*PI()*SQRT((((B17*0.02+1)/30)/B17)^2+(0.5/E17)^2+(0.000002/G17)^2))/SQRT(2*LN(2)) -> 0.5758414 | J17: 8.3 | K17: =J17*10 -> 83 | L17: =K17^2 -> 6889 | M17: =K17*H17 -> 464.49686 | N17: =H17-Q14*K17-S14 -> 0.067685159
A18: 0 | B18: 521 | C18: =B18/5 -> 104.2 | D18: 2.9 | E18: =D18*10 -> 29 | F18: 363 | G18: =F18/1000000 -> 0.000363 | H18: =(2*PI()*C18*E18*G18)/(SQRT(2*LN(2))) -> 5.8536194 | I18: =(H18*2*PI()*SQRT((((B18*0.02+1)/30)/B18)^2+(0.5/E18)^2+(0.000002/G18)^2))/SQRT(2*LN(2)) -> 0.56586944 | J18: 38 | K18: =J18*10 -> 380 | L18: =K18^2 -> 144400 | M18: =K18*H18 -> 2224.3754 | N18: =H18-Q18*K18-S18 -> -0.013469085 | O18: =4*SUM(L18:L21)-(SUM(K18:K21))^2 -> 199240 | P18: =SQRT((SUM(N18:N21))^2/2) -> 1.884111e-15 | Q18: =(4*SUM(M18:M21)-SUM(H18:H21)*SUM(K18:K21))/O18 -> 0.00063683564 | R18: =P18*SQRT(4/O18) -> 8.4420555e-18 | S18: =(SUM(L18:L21)*SUM(H18:H21)-SUM(K18:K21)*SUM(M18:M21))/O18 -> 5.6250909 | T18: =1000*ATAN(Q18) -> 0.63683555 | U18: =1000*ATAN(R18) -> 8.4420555e-15
A19: 0 | B19: 529 | C19: =B19/5 -> 105.8 | D19: 2.8 | E19: =D19*10 -> 28 | F19: 369 | G19: =F19/1000000 -> 0.000369 | H19: =(2*PI()*C19*E19*G19)/(SQRT(2*LN(2))) -> 5.833406 | I19: =(H19*2*PI()*SQRT((((B19*0.02+1)/30)/B19)^2+(0.5/E19)^2+(0.000002/G19)^2))/SQRT(2*LN(2)) -> 0.58137248 | J19: 28.4 | K19: =J19*10 -> 284 | L19: =K19^2 -> 80656 | M19: =K19*H19 -> 1656.6873 | N19: =H19-Q18*K19-S18 -> 0.027453745
A20: 0 | B20: 552 | C20: =B20/5 -> 110.4 | D20: 2.7 | E20: =D20*10 -> 27 | F20: 360 | G20: =F20/1000000 -> 0.00036 | H20: =(2*PI()*C20*E20*G20)/(SQRT(2*LN(2))) -> 5.7264764 | I20: =(H20*2*PI()*SQRT((((B20*0.02+1)/30)/B20)^2+(0.5/E20)^2+(0.000002/G20)^2))/SQRT(2*LN(2)) -> 0.59124294 | J20: 18.3 | K20: =J20*10 -> 183 | L20: =K20^2 -> 33489 | M20: =K20*H20 -> 1047.9452 | N20: =H20-Q18*K20-S18 -> -0.01515543
A21: 0 | B21: 550 | C21: =B21/5 -> 110 | D21: 2.65 | E21: =D21*10 -> 26.5 | F21: 365 | G21: =F21/1000000 -> 0.000365 | H21: =(2*PI()*C21*E21*G21)/(SQRT(2*LN(2))) -> 5.6778454 | I21: =(H21*2*PI()*SQRT((((B21*0.02+1)/30)/B21)^2+(0.5/E21)^2+(0.000002/G21)^2))/SQRT(2*LN(2)) -> 0.59571647 | J21: 8.1 | K21: =J21*10 -> 81 | L21: =K21^2 -> 6561 | M21: =K21*H21 -> 459.90548 | N21: =H21-Q18*K21-S18 -> 0.0011707701
A22: 10 | B22: 582 | C22: =B22/5 -> 116.4 | D22: 2.95 | E22: =D22*10 -> 29.5 | F22: 392 | G22: =F22/1000000 -> 0.000392 | H22: =(2*PI()*C22*E22*G22)/(SQRT(2*LN(2))) -> 7.1831213 | I22: =(H22*2*PI()*SQRT((((B22*0.02+1)/30)/B22)^2+(0.5/E22)^2+(0.000002/G22)^2))/SQRT(2*LN(2)) -> 0.67906549 | J22: 38 | K22: =J22*10 -> 380 | L22: =K22^2 -> 144400 | M22: =K22*H22 -> 2729.5861 | N22: =H22-Q22*K22-S22 -> 0.04333217 | O22: =4*SUM(L22:L25)-(SUM(K22:K25))^2 -> 197864.75 | P22: =SQRT((SUM(N22:N25))^2/2) -> 7.5364438e-15 | Q22: =(4*SUM(M22:M25)-SUM(H22:H25)*SUM(K22:K25))/O22 -> 0.0031236385 | R22: =P22*SQRT(4/O22) -> 3.3885371e-17 | S22: =(SUM(L22:L25)*SUM(H22:H25)-SUM(K22:K25)*SUM(M22:M25))/O22 -> 5.9528065 | T22: =1000*ATAN(Q22) -> 3.1236284 | U22: =1000*ATAN(R22) -> 3.3885371e-14
A23: 10 | B23: 588 | C23: =B23/5 -> 117.6 | D23: 2.85 | E23: =D23*10 -> 28.5 | F23: 383 | G23: =F23/1000000 -> 0.000383 | H23: =(2*PI()*C23*E23*G23)/(SQRT(2*LN(2))) -> 6.8501975 | I23: =(H23*2*PI()*SQRT((((B23*0.02+1)/30)/B23)^2+(0.5/E23)^2+(0.000002/G23)^2))/SQRT(2*LN(2)) -> 0.66965716 | J23: 28.5 | K23: =J23*10 -> 285 | L23: =K23^2 -> 81225 | M23: =K23*H23 -> 1952.3063 | N23: =H23-Q22*K23-S22 -> 0.0071540257
A24: 10 | B24: 569 | C24: =B24/5 -> 113.8 | D24: 2.65 | E24: =D24*10 -> 26.5 | F24: 397 | G24: =F24/1000000 -> 0.000397 | H24: =(2*PI()*C24*E24*G24)/(SQRT(2*LN(2))) -> 6.388969 | I24: =(H24*2*PI()*SQRT((((B24*0.02+1)/30)/B24)^2+(0.5/E24)^2+(0.000002/G24)^2))/SQRT(2*LN(2)) -> 0.66628483 | J24: 18.45 | K24: =J24*10 -> 184.5 | L24: =K24^2 -> 34040.25 | M24: =K24*H24 -> 1178.7648 | N24: =H24-Q22*K24-S22 -> -0.14014882
A25: 10 | B25: 580 | C25: =B25/5 -> 116 | D25: 2.75 | E25: =D25*10 -> 27.5 | F25: 370 | G25: =F25/1000000 -> 0.00037 | H25: =(2*PI()*C25*E25*G25)/(SQRT(2*LN(2))) -> 6.2986075 | I25: =(H25*2*PI()*SQRT((((B25*0.02+1)/30)/B25)^2+(0.5/E25)^2+(0.000002/G25)^2))/SQRT(2*LN(2)) -> 0.63803081 | J25: 8.2 | K25: =J25*10 -> 82 | L25: =K25^2 -> 6724 | M25: =K25*H25 -> 516.48582 | N25: =H25-Q22*K25-S22 -> 0.089662622
A26: 20 | B26: 659 | C26: =B26/5 -> 131.8 | D26: 2.7 | E26: =D26*10 -> 27 | F26: 421 | G26: =F26/1000000 -> 0.000421 | H26: =(2*PI()*C26*E26*G26)/(SQRT(2*LN(2))) -> 7.9949069 | I26: =(H26*2*PI()*SQRT((((B26*0.02+1)/30)/B26)^2+(0.5/E26)^2+(0.000002/G26)^2))/SQRT(2*LN(2)) -> 0.81623806 | J26: 38.1 | K26: =J26*10 -> 381 | L26: =K26^2 -> 145161 | M26: =K26*H26 -> 3046.0595 | N26: =H26-Q26*K26-S26 -> 0.028300661 | O26: =4*SUM(L26:L29)-(SUM(K26:K29))^2 -> 198035 | P26: =SQRT((SUM(N26:N29))^2/2) -> 1.256074e-15 | Q26: =(4*SUM(M26:M29)-SUM(H26:H29)*SUM(K26:K29))/O26 -> 0.0047053116 | R26: =P26*SQRT(4/O26) -> 5.6451337e-18 | S26: =(SUM(L26:L29)*SUM(H26:H29)-SUM(K26:K29)*SUM(M26:M29))/O26 -> 6.1738825 | T26: =1000*ATAN(Q26) -> 4.7052769 | U26: =1000*ATAN(R26) -> 5.6451337e-15
A27: 20 | B27: 643 | C27: =B27/5 -> 128.6 | D27: 2.85 | E27: =D27*10 -> 28.5 | F27: 382 | G27: =F27/1000000 -> 0.000382 | H27: =(2*PI()*C27*E27*G27)/(SQRT(2*LN(2))) -> 7.4713887 | I27: =(H27*2*PI()*SQRT((((B27*0.02+1)/30)/B27)^2+(0.5/E27)^2+(0.000002/G27)^2))/SQRT(2*LN(2)) -> 0.7305311 | J27: 28.5 | K27: =J27*10 -> 285 | L27: =K27^2 -> 81225 | M27: =K27*H27 -> 2129.3458 | N27: =H27-Q26*K27-S26 -> -0.043507613
A28: 20 | B28: 602 | C28: =B28/5 -> 120.4 | D28: 2.9 | E28: =D28*10 -> 29 | F28: 378 | G28: =F28/1000000 -> 0.000378 | H28: =(2*PI()*C28*E28*G28)/(SQRT(2*LN(2))) -> 7.0431741 | I28: =(H28*2*PI()*SQRT((((B28*0.02+1)/30)/B28)^2+(0.5/E28)^2+(0.000002/G28)^2))/SQRT(2*LN(2)) -> 0.6783965 | J28: 18.4 | K28: =J28*10 -> 184 | L28: =K28^2 -> 33856 | M28: =K28*H28 -> 1295.944 | N28: =H28-Q26*K28-S26 -> 0.003514266
A29: 20 | B29: 585 | C29: =B29/5 -> 117 | D29: 2.75 | E29: =D29*10 -> 27.5 | F29: 383 | G29: =F29/1000000 -> 0.000383 | H29: =(2*PI()*C29*E29*G29)/(SQRT(2*LN(2))) -> 6.5761161 | I29: =(H29*2*PI()*SQRT((((B29*0.02+1)/30)/B29)^2+(0.5/E29)^2+(0.000002/G29)^2))/SQRT(2*LN(2)) -> 0.66433615 | J29: 8.3 | K29: =J29*10 -> 83 | L29: =K29^2 -> 6889 | M29: =K29*H29 -> 545.81763 | N29: =H29-Q26*K29-S26 -> 0.011692686
A30: 30 | B30: 598 | C30: =B30/5 -> 119.6 | D30: 3 | E30: =D30*10 -> 30 | F30: 567 | G30: =F30/1000000 -> 0.000567 | H30: =(2*PI()*C30*E30*G30)/(SQRT(2*LN(2))) -> 10.856445 | I30: =(H30*2*PI()*SQRT((((B30*0.02+1)/30)/B30)^2+(0.5/E30)^2+(0.000002/G30)^2))/SQRT(2*LN(2)) -> 0.98785563 | J30: 38.1 | K30: =J30*10 -> 381 | L30: =K30^2 -> 145161 | M30: =K30*H30 -> 4136.3055 | N30: =H30-Q30*K30-S30 -> -0.12119028 | O30: =4*SUM(L30:L33)-(SUM(K30:K33))^2 -> 173900 | P30: =SQRT((SUM(N30:N33))^2/2) -> 6.2803698e-15 | Q30: =(4*SUM(M30:M33)-SUM(H30:H33)*SUM(K30:K33))/O30 -> 0.01140854 | R30: =P30*SQRT(4/O30) -> 3.0120725e-17 | S30: =(SUM(L30:L33)*SUM(H30:H33)-SUM(K30:K33)*SUM(M30:M33))/O30 -> 6.6309815 | T30: =1000*ATAN(Q30) -> 11.408045 | U30: =1000*ATAN(R30) -> 3.0120725e-14
A31: 30 | B31: 646 | C31: =B31/5 -> 129.2 | D31: 3.1 | E31: =D31*10 -> 31 | F31: 484 | G31: =F31/1000000 -> 0.000484 | H31: =(2*PI()*C31*E31*G31)/(SQRT(2*LN(2))) -> 10.344791 | I31: =(H31*2*PI()*SQRT((((B31*0.02+1)/30)/B31)^2+(0.5/E31)^2+(0.000002/G31)^2))/SQRT(2*LN(2)) -> 0.920006 | J31: 30.5 | K31: =J31*10 -> 305 | L31: =K31^2 -> 93025 | M31: =K31*H31 -> 3155.1612 | N31: =H31-Q30*K31-S30 -> 0.23420455
A32: 30 | B32: 632 | C32: =B32/5 -> 126.4 | D32: 3.1 | E32: =D32*10 -> 31 | F32: 425 | G32: =F32/1000000 -> 0.000425 | H32: =(2*PI()*C32*E32*G32)/(SQRT(2*LN(2))) -> 8.8868907 | I32: =(H32*2*PI()*SQRT((((B32*0.02+1)/30)/B32)^2+(0.5/E32)^2+(0.000002/G32)^2))/SQRT(2*LN(2)) -> 0.79753225 | J32: 20.9 | K32: =J32*10 -> 209 | L32: =K32^2 -> 43681 | M32: =K32*H32 -> 1857.3602 | N32: =H32-Q30*K32-S30 -> -0.12847568
A33: 30 | B33: 620 | C33: =B33/5 -> 124 | D33: 3 | E33: =D33*10 -> 30 | F33: 394 | G33: =F33/1000000 -> 0.000394 | H33: =(2*PI()*C33*E33*G33)/(SQRT(2*LN(2))) -> 7.8215225 | I33: =(H33*2*PI()*SQRT((((B33*0.02+1)/30)/B33)^2+(0.5/E33)^2+(0.000002/G33)^2))/SQRT(2*LN(2)) -> 0.7278233 | J33: 10.3 | K33: =J33*10 -> 103 | L33: =K33^2 -> 10609 | M33: =K33*H33 -> 805.61682 | N33: =H33-Q30*K33-S30 -> 0.015461406
A34: 40 | B34: 494 | C34: =B34/5 -> 98.8 | D34: 2.8 | E34: =D34*10 -> 28 | F34: 841 | G34: =F34/1000000 -> 0.000841 | H34: =(2*PI()*C34*E34*G34)/(SQRT(2*LN(2))) -> 12.415468 | I34: =(H34*2*PI()*SQRT((((B34*0.02+1)/30)/B34)^2+(0.5/E34)^2+(0.000002/G34)^2))/SQRT(2*LN(2)) -> 1.1945519 | J34: 38.1 | K34: =J34*10 -> 381 | L34: =K34^2 -> 145161 | M34: =K34*H34 -> 4730.2935 | N34: =H34-Q34*K34-S34 -> 0.31257906 | O34: =4*SUM(L34:L37)-(SUM(K34:K37))^2 -> 199635 | P34: =SQRT((SUM(N34:N37))^2/2) -> 2.5121479e-15 | Q34: =(4*SUM(M34:M37)-SUM(H34:H37)*SUM(K34:K37))/O34 -> 0.011960012 | R34: =P34*SQRT(4/O34) -> 1.1244933e-17 | S34: =(SUM(L34:L37)*SUM(H34:H37)-SUM(K34:K37)*SUM(M34:M37))/O34 -> 7.5461247 | T34: =1000*ATAN(Q34) -> 11.959442 | U34: =1000*ATAN(R34) -> 1.1244933e-14
A35: 40 | B35: 594 | C35: =B35/5 -> 118.8 | D35: 2.75 | E35: =D35*10 -> 27.5 | F35: 602 | G35: =F35/1000000 -> 0.000602 | H35: =(2*PI()*C35*E35*G35)/(SQRT(2*LN(2))) -> 10.49537 | I35: =(H35*2*PI()*SQRT((((B35*0.02+1)/30)/B35)^2+(0.5/E35)^2+(0.000002/G35)^2))/SQRT(2*LN(2)) -> 1.0359786 | J35: 28.5 | K35: =J35*10 -> 285 | L35: =K35^2 -> 81225 | M35: =K35*H35 -> 2991.1805 | N35: =H35-Q34*K35-S34 -> -0.45935794
A36: 40 | B36: 541 | C36: =B36/5 -> 108.2 | D36: 2.8 | E36: =D36*10 -> 28 | F36: 602 | G36: =F36/1000000 -> 0.000602 | H36: =(2*PI()*C36*E36*G36)/(SQRT(2*LN(2))) -> 9.7327131 | I36: =(H36*2*PI()*SQRT((((B36*0.02+1)/30)/B36)^2+(0.5/E36)^2+(0.000002/G36)^2))/SQRT(2*LN(2)) -> 0.94413889 | J36: 18.3 | K36: =J36*10 -> 183 | L36: =K36^2 -> 33489 | M36: =K36*H36 -> 1781.0865 | N36: =H36-Q34*K36-S34 -> -0.0020938278
A37: 40 | B37: 603 | C37: =B37/5 -> 120.6 | D37: 2.85 | E37: =D37*10 -> 28.5 | F37: 473 | G37: =F37/1000000 -> 0.000473 | H37: =(2*PI()*C37*E37*G37)/(SQRT(2*LN(2))) -> 8.6757184 | I37: =(H37*2*PI()*SQRT((((B37*0.02+1)/30)/B37)^2+(0.5/E37)^2+(0.000002/G37)^2))/SQRT(2*LN(2)) -> 0.83616292 | J37: 8.2 | K37: =J37*10 -> 82 | L37: =K37^2 -> 6724 | M37: =K37*H37 -> 711.40891 | N37: =H37-Q34*K37-S34 -> 0.14887271

Sheet Data1
A1: Angle | B1: DivergenceHalfAngle | C1: DivergenceHalfAngleU | D1: Slope | E1: YInt | F1: AxialPositionMM_40 | G1: AxialPositionMM_30 | H1: AxialPositionMM_20 | I1: AxialPositionMM_10 | J1: AxialPositionMM0 | K1: AxialPositionMM10 | L1: AxialPositionMM20 | M1: AxialPositionMM30 | N1: AxialPositionMM40 | O1: BeamWidth_40 | P1: BeamWidth_40U | Q1: BeamWidth_30 | R1: BeamWidth_30U | S1: BeamWidth_20 | T1: BeamWidth_20U | U1: BeamWidth_10 | V1: BeamWidth_10U | W1: BeamWidth0 | X1: BeamWidth0U | Y1: BeamWidth10 | Z1: BeamWidth10U | AA1: BeamWidth20 | AB1: BeamWidth20U | AC1: BeamWidth30 | AD1: BeamWidth30U | AE1: BeamWidth40 | AF1: BeamWidth40U
A2: =Dataset1!$A$2 -> -40 | B2: =Dataset1!$T$2 -> -5.3461199 | C2: =Dataset1!$U$2 -> 2.8197419e-14 | D2: =Dataset1!$Q$2 -> -0.0053461709 | E2: =Dataset1!$S$2 -> 5.4568565 | F2: =Dataset1!$K$2 -> 381 | G2: =Dataset1!$K$6 -> 356 | H2: =Dataset1!$K$10 -> 381 | I2: =Dataset1!$K$14 -> 380 | J2: =Dataset1!$K$18 -> 380 | K2: =Dataset1!$K$22 -> 380 | L2: =Dataset1!$K$26 -> 381 | M2: =Dataset1!$K$30 -> 381 | N2: =Dataset1!$K$34 -> 381 | O2: =Dataset1!$H$2 -> 3.3932445 | P2: =Dataset1!$I$2 -> 0.37852174 | Q2: =Dataset1!$H$6 -> 3.9008995 | R2: =Dataset1!$I$6 -> 0.40823344 | S2: =Dataset1!$H$10 -> 4.1309601 | T2: =Dataset1!$I$10 -> 0.45736126 | U2: =Dataset1!$H$14 -> 4.9256546 | V2: =Dataset1!$I$14 -> 0.52539658 | W2: =Dataset1!$H$18 -> 5.8536194 | X2: =Dataset1!$I$18 -> 0.56586944 | Y2: =Dataset1!$H$22 -> 7.1831213 | Z2: =Dataset1!$I$22 -> 0.67906549 | AA2: =Dataset1!$H$26 -> 7.9949069 | AB2: =Dataset1!$I$26 -> 0.81623806 | AC2: =Dataset1!$H$30 -> 10.856445 | AD2: =Dataset1!$I$30 -> 0.98785563 | AE2: =Dataset1!$H$34 -> 12.415468 | AF2: =Dataset1!$I$34 -> 1.1945519
A3: =Dataset1!$A$6 -> -30 | B3: =Dataset1!$T$6 -> -4.5659696 | C3: =Dataset1!$U$6 -> 3.9428251e-14 | D3: =Dataset1!$Q$6 -> -0.0045660013 | E3: =Dataset1!$S$6 -> 5.4720281 | F3: =Dataset1!$K$3 -> 285 | G3: =Dataset1!$K$7 -> 285 | H3: =Dataset1!$K$11 -> 305 | I3: =Dataset1!$K$15 -> 285 | J3: =Dataset1!$K$19 -> 284 | K3: =Dataset1!$K$23 -> 285 | L3: =Dataset1!$K$27 -> 285 | M3: =Dataset1!$K$31 -> 305 | N3: =Dataset1!$K$35 -> 285 | O3: =Dataset1!$H$3 -> 3.9724335 | P3: =Dataset1!$I$3 -> 0.41564829 | Q3: =Dataset1!$H$7 -> 4.1562805 | R3: =Dataset1!$I$7 -> 0.43690578 | S3: =Dataset1!$H$11 -> 4.3698099 | T3: =Dataset1!$I$11 -> 0.46765359 | U3: =Dataset1!$H$15 -> 5.0614997 | V3: =Dataset1!$I$15 -> 0.53079388 | W3: =Dataset1!$H$19 -> 5.833406 | X3: =Dataset1!$I$19 -> 0.58137248 | Y3: =Dataset1!$H$23 -> 6.8501975 | Z3: =Dataset1!$I$23 -> 0.66965716 | AA3: =Dataset1!$H$27 -> 7.4713887 | AB3: =Dataset1!$I$27 -> 0.7305311 | AC3: =Dataset1!$H$31 -> 10.344791 | AD3: =Dataset1!$I$31 -> 0.920006 | AE3: =Dataset1!$H$35 -> 10.49537 | AF3: =Dataset1!$I$35 -> 1.0359786
A4: =Dataset1!$A$10 -> -20 | B4: =Dataset1!$T$10 -> -3.660695 | C4: =Dataset1!$U$10 -> 2.7598308e-14 | D4: =Dataset1!$Q$10 -> -0.0036607114 | E4: =Dataset1!$S$10 -> 5.5351247 | F4: =Dataset1!$K$4 -> 183 | G4: =Dataset1!$K$8 -> 184 | H4: =Dataset1!$K$12 -> 210 | I4: =Dataset1!$K$16 -> 183 | J4: =Dataset1!$K$20 -> 183 | K4: =Dataset1!$K$24 -> 184.5 | L4: =Dataset1!$K$28 -> 184 | M4: =Dataset1!$K$32 -> 209 | N4: =Dataset1!$K$36 -> 183 | O4: =Dataset1!$H$4 -> 4.4788793 | P4: =Dataset1!$I$4 -> 0.46117731 | Q4: =Dataset1!$H$8 -> 4.5145695 | R4: =Dataset1!$I$8 -> 0.50065323 | S4: =Dataset1!$H$12 -> 4.8858709 | T4: =Dataset1!$I$12 -> 0.50206146 | U4: =Dataset1!$H$16 -> 5.2196848 | V4: =Dataset1!$I$16 -> 0.53738076 | W4: =Dataset1!$H$20 -> 5.7264764 | X4: =Dataset1!$I$20 -> 0.59124294 | Y4: =Dataset1!$H$24 -> 6.388969 | Z4: =Dataset1!$I$24 -> 0.66628483 | AA4: =Dataset1!$H$28 -> 7.0431741 | AB4: =Dataset1!$I$28 -> 0.6783965 | AC4: =Dataset1!$H$32 -> 8.8868907 | AD4: =Dataset1!$I$32 -> 0.79753225 | AE4: =Dataset1!$H$36 -> 9.7327131 | AF4: =Dataset1!$I$36 -> 0.94413889
A5: =Dataset1!$A$14 -> -10 | B5: =Dataset1!$T$14 -> -2.1894178 | C5: =Dataset1!$U$14 -> 1.1312683e-14 | D5: =Dataset1!$Q$14 -> -0.0021894213 | E5: =Dataset1!$S$14 -> 5.7103845 | F5: =Dataset1!$K$5 -> 83 | G5: =Dataset1!$K$9 -> 82 | H5: =Dataset1!$K$13 -> 108 | I5: =Dataset1!$K$17 -> 83 | J5: =Dataset1!$K$21 -> 81 | K5: =Dataset1!$K$25 -> 82 | L5: =Dataset1!$K$29 -> 83 | M5: =Dataset1!$K$33 -> 103 | N5: =Dataset1!$K$37 -> 82 | O5: =Dataset1!$H$5 -> 5.0002373 | P5: =Dataset1!$I$5 -> 0.52945705 | Q5: =Dataset1!$H$9 -> 5.1749995 | R5: =Dataset1!$I$9 -> 0.53396995 | S5: =Dataset1!$H$13 -> 5.0785038 | T5: =Dataset1!$I$13 -> 0.51847248 | U5: =Dataset1!$H$17 -> 5.5963477 | V5: =Dataset1!$I$17 -> 0.5758414 | W5: =Dataset1!$H$21 -> 5.6778454 | X5: =Dataset1!$I$21 -> 0.59571647 | Y5: =Dataset1!$H$25 -> 6.2986075 | Z5: =Dataset1!$I$25 -> 0.63803081 | AA5: =Dataset1!$H$29 -> 6.5761161 | AB5: =Dataset1!$I$29 -> 0.66433615 | AC5: =Dataset1!$H$33 -> 7.8215225 | AD5: =Dataset1!$I$33 -> 0.7278233 | AE5: =Dataset1!$H$37 -> 8.6757184 | AF5: =Dataset1!$I$37 -> 0.83616292
A6: =Dataset1!$A$18 -> 0 | B6: =Dataset1!$T$18 -> 0.63683555 | C6: =Dataset1!$U$18 -> 8.4420555e-15 | D6: =Dataset1!$Q$18 -> 0.00063683564 | E6: =Dataset1!$S$18 -> 5.6250909
A7: =Dataset1!$A$22 -> 10 | B7: =Dataset1!$T$22 -> 3.1236284 | C7: =Dataset1!$U$22 -> 3.3885371e-14 | D7: =Dataset1!$Q$22 -> 0.0031236385 | E7: =Dataset1!$S$22 -> 5.9528065
A8: =Dataset1!$A$26 -> 20 | B8: =Dataset1!$T$26 -> 4.7052769 | C8: =Dataset1!$U$26 -> 5.6451337e-15 | D8: =Dataset1!$Q$26 -> 0.0047053116 | E8: =Dataset1!$S$26 -> 6.1738825
A9: =Dataset1!$A$30 -> 30 | B9: =Dataset1!$T$30 -> 11.408045 | C9: =Dataset1!$U$30 -> 3.0120725e-14 | D9: =Dataset1!$Q$30 -> 0.01140854 | E9: =Dataset1!$S$30 -> 6.6309815
A10: =Dataset1!$A$34 -> 40 | B10: =Dataset1!$T$34 -> 11.959442 | C10: =Dataset1!$U$34 -> 1.1244933e-14 | D10: =Dataset1!$Q$34 -> 0.011960012 | E10: =Dataset1!$S$34 -> 7.5461247
